ID_Uzorka;Dubina_Busenja_cm;Temp_Tla_C;pH_Vrijednost;H2O_Postotak;Metan_Senzor;Organske_Molekule
1;3,7;-55,1;7,99;2,51;Negativno;Ne
2;8,7;-28,6;7,22;0,5;Negativno;Ne
3;7,0;-71,0;7,4;4,6;Pozitivno;Ne
4;7,0;-60,1;6,57;5,37;Negativno;Ne
5;13,6;-45,6;7,5;0,43;Negativno;Ne
6;7,3;-35,1;6,61;2,02;Negativno;Ne
7;10,4;-45,6;6,79;0,21;Negativno;Ne
8;5,5;-47,4;6,8;1,79;Pozitivno;Ne
9;10,7;-34,6;6,58;2,25;Negativno;Ne
10;9,1;-37,9;6,87;0,82;Negativno;Ne
11;5,8;-57,2;6,88;0,12;Negativno;Ne
12;7,0;-42,7;7,62;5,26;Negativno;Ne
13;13,8;-43,1;7,46;4,68;Negativno;Ne
14;8,5;-55,4;7,24;0,24;Pozitivno;Ne
15;7,4;-4,8;7,18;0,79;Negativno;Ne
16;1,7;-50,2;6,7;1,45;Negativno;Ne
17;8,6;-47,6;7,45;5,22;Pozitivno;Ne
18;3,8;-44,9;7,21;1,93;Negativno;Ne
19;2,8;-48,9;7,64;2,72;Negativno;Ne
20;12,3;-51,7;6,72;0,88;Negativno;Ne
21;3,5;-27,5;7,3;5,61;Negativno;Ne
22;11,8;-37,2;6,72;2,45;Negativno;Ne
23;1,0;-57,2;6,05;2,84;Negativno;Ne
24;6,1;-48,1;7,16;2,98;Pozitivno;Ne
25;12,4;-30,7;7,11;3,44;Negativno;Ne
26;4,1;-76,6;6,51;0,68;Negativno;Ne
27;13,8;-50,4;6,82;3,49;Negativno;Ne
28;10,7;-79,2;7,37;1,83;Negativno;Ne
29;9,7;-68,7;7,97;3,75;Negativno;Ne
30;14,7;-43,9;7,16;5,99;Negativno;Ne
31;10,8;-71,6;6,71;1,2;Negativno;Ne
32;1,7;-28,4;7,23;5,07;Negativno;Ne
33;11,1;-58,7;6,89;0,55;Negativno;Ne
34;8,1;-29,4;6,68;0,81;Negativno;Ne
35;9,6;-51,8;6,45;2,82;Negativno;Ne
36;10,9;-42,8;6,86;0,17;Pozitivno;Ne
37;4,3;-31,4;7,46;2,39;Negativno;Ne
38;10,6;-61,1;7,32;5,52;Negativno;Ne
39;9,6;-66,4;7,06;4,04;Negativno;Ne
40;5,2;-42,8;6,24;1,0;Negativno;Ne
41;3,1;-68,9;6,69;2,62;Negativno;Ne
42;1,3;-57,1;6,85;0,89;Negativno;Ne
43;10,1;-61,0;6,75;3,94;Negativno;Ne
44;2,9;-52,2;7,92;4,68;Negativno;Ne
45;8,1;-39,3;6,86;2,77;Pozitivno;Ne
46;4,4;-49,9;6,89;1,89;Negativno;Ne
47;10,4;-31,6;6,42;5,64;Negativno;Ne
48;13,2;-35,6;6,95;5,58;Negativno;Ne
49;6,8;-52,2;6,2;0,38;Negativno;Ne
50;3,8;-56,3;7,4;2,35;Negativno;Ne
51;12,0;-47,8;7,51;2,29;Negativno;Ne
52;2,1;-38,9;7,89;0,47;Negativno;Ne
53;13,5;-51,7;6,81;4,46;Negativno;Ne
54;9,2;-48,1;6,35;4,76;Negativno;Ne
55;4,3;-64,6;6,63;2,63;Negativno;Ne
56;1,6;-48,5;6,7;2,04;Negativno;Ne
57;9,7;-65,7;6,36;1,65;Negativno;Ne
58;7,5;-28,6;6,59;2,02;Negativno;Ne
59;4,8;-48,4;7,31;5,98;Negativno;Ne
60;6,5;-34,4;7,31;3,37;Negativno;Ne
61;7,2;-48,2;6,31;3,51;Negativno;Ne
62;6,8;-62,6;6,65;5,18;Negativno;Ne
63;13,9;-60,5;6,24;3,29;Negativno;Da
64;14,5;-35,8;7,3;4,63;Negativno;Ne
65;7,1;-36,1;7,13;0,29;Negativno;Ne
66;14,5;-48,9;7,17;0,37;Negativno;Ne
67;11,0;-48,4;7,61;3,67;Negativno;Ne
68;4,2;-30,0;6,96;0,46;Negativno;Ne
69;2,9;-55,4;6,89;5,29;Negativno;Ne
70;7,0;-34,8;6,24;2,88;Negativno;Ne
71;0,1;-65,3;7,25;0,81;Negativno;Ne
72;12,1;-48,1;6,72;2,18;Negativno;Ne
73;12,5;-53,2;6,89;3,21;Negativno;Ne
74;0,5;-21,4;6,23;3,72;Negativno;Ne
75;9,7;-66,9;6,54;4,47;Negativno;Ne
76;10,5;-55,4;7,3;5,84;Negativno;Ne
77;13,6;-43,5;7,31;0,76;Negativno;Ne
78;9,2;-69,4;6,43;1,79;Negativno;Ne
79;13,5;-71,3;6,6;3,76;Negativno;Ne
80;9,2;-44,0;5,88;5,76;Negativno;Ne
81;5,4;-60,1;6,16;4,86;Negativno;Ne
82;10,2;-57,4;7,47;4,89;Negativno;Ne
83;3,2;-42,0;7,62;4,09;Negativno;Ne
84;14,8;-66,5;6,81;3,99;Negativno;Ne
85;14,3;-66,4;7,2;5,5;Negativno;Ne
86;12,6;-50,5;7,22;2,43;Negativno;Ne
87;14,5;-38,7;7,05;5,22;Negativno;Ne
88;8,8;-47,7;7,4;5,2;Negativno;Ne
89;1,3;-70,0;6,59;4,16;Negativno;Ne
90;8,8;-93,2;7,15;2,84;Negativno;Da
91;10,3;-49,3;6,62;3,85;Negativno;Ne
92;14,9;-43,2;7,63;4,92;Negativno;Ne
93;7,0;-31,9;6,96;3,42;Negativno;Ne
94;11,8;-52,8;5,94;3,11;Negativno;Ne
95;13,9;-60,5;6,25;0,59;Negativno;Ne
96;13,0;-62,2;6,57;2,77;Negativno;Ne
97;10,9;-47,9;6,81;3,68;Negativno;Ne
98;11,3;-33,1;7,12;2,7;Negativno;Ne
99;3,8;-57,7;7,84;2,59;Pozitivno;Ne
100;5,1;-53,3;6,39;0,37;Negativno;Ne
101;13,8;-69,5;6,52;5,38;Negativno;Ne
102;14,9;-58,5;7,07;0,46;Pozitivno;Ne
103;13,9;-59,1;7,84;2,37;Negativno;Ne
104;0,2;-73,0;6,29;2,5;Negativno;Ne
105;5,5;-50,4;7,69;5,86;Negativno;Ne
106;13,0;-37,2;6,68;5,74;Negativno;Ne
107;12,0;-51,5;7,17;4,28;Negativno;Ne
108;2,2;-37,1;7,02;3,28;Negativno;Ne
109;3,8;-46,4;7,24;1,76;Negativno;Ne
110;9,4;-54,4;6,86;2,6;Negativno;Ne
111;9,8;-74,9;7,1;4,22;Negativno;Da
112;10,0;-53,1;6,95;3,47;Negativno;Ne
113;11,0;-41,6;7,68;1,56;Negativno;Ne
114;4,6;-22,4;6,95;2,43;Negativno;Ne
115;4,4;-56,4;6,79;4,22;Negativno;Ne
116;3,9;-72,3;6,91;1,4;Pozitivno;Ne
117;4,4;-63,4;7,4;2,01;Negativno;Ne
118;11,9;-29,3;7,06;4,89;Negativno;Ne
119;9,3;-33,1;6,93;5,84;Negativno;Ne
120;10,6;-52,0;7,75;0,43;Negativno;Ne
121;13,6;-68,1;6,89;3,5;Negativno;Ne
122;5,2;-79,7;7,48;0,84;Negativno;Da
123;9,7;-58,5;6,52;0,11;Negativno;Ne
124;14,0;-56,4;7,75;1,63;Negativno;Ne
125;5,0;-47,3;7,12;0,33;Negativno;Ne
126;14,7;-39,8;6,68;2,13;Negativno;Ne
127;3,7;-57,9;6,99;3,67;Negativno;Ne
128;9,5;-61,3;7,04;4,32;Negativno;Ne
129;2,3;-61,1;6,89;1,7;Negativno;Ne
130;14,9;-22,7;8,22;5,4;Negativno;Ne
131;1,4;-30,3;6,9;3,41;Negativno;Ne
132;1,5;-51,4;8,0;5,11;Negativno;Ne
133;11,2;-68,2;6,5;3,06;Negativno;Ne
134;3,8;-54,5;6,25;5,41;Negativno;Ne
135;9,4;-60,1;7,33;5,33;Negativno;Ne
136;10,2;-59,0;7,3;0,99;Negativno;Ne
137;6,4;-49,3;7,53;2,24;Negativno;Ne
138;11,6;-48,4;7,39;5,93;Negativno;Da
139;8,8;-17,7;8,06;0,76;Negativno;Ne
140;6,6;-15,1;6,6;2,13;Negativno;Ne
141;7,1;-41,9;6,46;1,13;Negativno;Ne
142;3,0;-73,3;7,75;0,19;Negativno;Ne
143;13,0;-19,1;7,6;3,5;Negativno;Ne
144;10,5;-41,2;6,87;1,61;Negativno;Da
145;12,1;-47,3;7,26;5,85;Negativno;Ne
146;9,3;-62,4;6,74;0,92;Negativno;Ne
147;12,1;-30,9;7,83;0,7;Negativno;Ne
148;11,1;-58,3;6,84;2,53;Negativno;Ne
149;14,7;-60,9;7,31;1,93;Negativno;Ne
150;8,9;-13,7;6,91;1,79;Pozitivno;Da
151;8,6;-41,1;7,26;0,38;Negativno;Ne
152;4,4;-54,1;7,83;0,68;Negativno;Ne
153;4,9;-58,1;7,05;2,79;Negativno;Ne
154;14,9;-72,4;6,39;1,4;Negativno;Ne
155;9,3;-77,8;7,61;5,84;Negativno;Ne
156;7,1;-36,0;6,5;4,04;Negativno;Ne
157;14,3;-58,1;5,95;5,98;Negativno;Ne
158;8,8;-20,2;7,23;2,78;Negativno;Ne
159;0,3;-57,2;7,88;0,81;Negativno;Da
160;11,3;-67,7;7,12;3,78;Negativno;Ne
161;2,3;-65,5;6,33;1,44;Pozitivno;Ne
162;7,5;-55,8;6,87;1,02;Negativno;Ne
163;0,6;-34,4;7,16;3,82;Negativno;Ne
164;9,8;-71,3;8,11;2,76;Negativno;Ne
165;12,4;-77,5;6,83;5,37;Negativno;Ne
166;1,2;-32,6;7,03;3,87;Negativno;Ne
167;2,2;-36,4;7,09;1,41;Negativno;Ne
168;0,6;-56,6;6,74;0,24;Negativno;Ne
169;1,5;-32,6;7,48;2,54;Pozitivno;Ne
170;6,5;-59,8;7,38;4,84;Negativno;Ne
171;5,6;-36,8;6,88;5,24;Negativno;Ne
172;6,7;-61,7;7,61;3,15;Negativno;Ne
173;12,1;-69,4;7,26;2,85;Negativno;Ne
174;3,7;-63,9;7,18;2,54;Negativno;Ne
175;8,2;-56,1;6,26;0,78;Negativno;Da
176;10,0;-60,0;6,52;5,34;Negativno;Ne
177;14,0;-37,2;6,79;1,83;Negativno;Ne
178;7,2;-65,3;7,0;5,59;Pozitivno;Ne
179;11,1;-40,8;7,0;5,93;Negativno;Ne
180;7,5;-46,4;6,43;1,8;Negativno;Da
181;14,6;-32,9;7,34;0,24;Negativno;Ne
182;6,2;-23,1;7,13;0,66;Pozitivno;Ne
183;6,1;-23,9;6,67;1,17;Negativno;Ne
184;0,5;-66,4;7,88;2,03;Negativno;Ne
185;13,1;-59,5;6,94;0,64;Pozitivno;Ne
186;1,8;-65,7;7,57;0,79;Negativno;Ne
187;12,3;-66,1;7,07;4,67;Negativno;Ne
188;12,0;-54,2;7,02;3,62;Pozitivno;Ne
189;6,0;-87,9;6,52;4,84;Negativno;Ne
190;7,6;-86,8;7,03;2,81;Negativno;Ne
191;6,1;-48,4;6,95;0,82;Negativno;Ne
192;9,5;-44,5;7,23;3,17;Negativno;Ne
193;3,9;-61,9;7,66;4,86;Negativno;Ne
194;9,2;-56,1;7,8;5,97;Negativno;Ne
195;5,4;-22,9;6,61;3,63;Negativno;Ne
196;14,0;-43,7;8,04;5,91;Negativno;Ne
197;3,8;-60,5;7,37;2,64;Negativno;Ne
198;14,0;-37,4;7,22;3,59;Negativno;Ne
199;5,3;-42,7;7,08;3,99;Negativno;Ne
200;10,6;-53,7;7,69;2,65;Negativno;Ne
201;8,3;-61,7;6,81;3,29;Negativno;Ne
202;0,9;-53,3;6,34;3,27;Negativno;Ne
203;10,4;-43,2;7,5;5,84;Negativno;Ne
204;6,7;-35,4;6,92;5,49;Negativno;Ne
205;6,3;-49,3;7,27;3,38;Negativno;Ne
206;3,3;-71,4;6,25;2,43;Negativno;Ne
207;2,7;-67,1;7,51;5,36;Negativno;Ne
208;14,8;-42,7;6,74;5,02;Negativno;Ne
209;5,6;-49,1;6,86;5,91;Pozitivno;Ne
210;2,6;-26,1;6,26;2,08;Negativno;Ne
211;1,4;-66,2;7,21;2,26;Negativno;Ne
212;4,0;-43,9;6,75;2,22;Negativno;Da
213;7,2;-49,2;6,45;1,23;Negativno;Ne
214;13,6;-50,2;7,33;5,37;Pozitivno;Ne
215;6,6;-83,7;7,27;3,88;Negativno;Ne
216;3,6;-38,7;7,94;2,99;Negativno;Ne
217;5,4;-38,2;6,18;3,93;Negativno;Ne
218;3,9;-61,1;6,8;1,23;Negativno;Ne
219;1,9;-13,5;6,92;6,635063091185164;Pozitivno;Da
220;5,2;-3,2;7,26;4,33;Negativno;Ne
221;3,4;-54,4;7,14;2,4;Negativno;Ne
222;10,1;-49,4;7,02;0,69;Negativno;Ne
223;2,5;-35,6;7,19;4,53;Negativno;Ne
224;7,0;-46,0;7,3;5,55;Negativno;Ne
225;2,5;-38,5;7,68;4,37;Negativno;Ne
226;5,9;-53,7;6,96;0,88;Negativno;Ne
227;0,1;-35,1;6,87;0,56;Negativno;Ne
228;14,4;-25,0;7,05;2,76;Pozitivno;Ne
229;7,1;-67,8;7,24;3,48;Negativno;Ne
230;12,6;-39,6;6,75;3,19;Negativno;Ne
231;5,5;-51,1;6,81;1,83;Negativno;Ne
232;5,0;-70,1;7,27;2,6;Negativno;Ne
233;0,2;-26,6;6,48;5,26;Negativno;Da
234;0,4;-76,3;8,04;0,34;Negativno;Ne
235;9,8;-48,2;6,54;4,54;Negativno;Ne
236;2,6;-65,3;6,38;1,29;Negativno;Ne
237;2,9;-42,4;7,57;1,72;Negativno;Ne
238;0,5;-60,8;7,03;3,61;Negativno;Ne
239;2,2;-35,8;7,44;4,64;Negativno;Ne
240;9,4;-35,9;7,09;4,63;Negativno;Ne
241;5,2;-53,3;6,23;3,88;Negativno;Ne
242;11,5;150,0;-2,0;0,61;Pozitivno;Ne
243;2,3;-51,5;6,31;4,92;Negativno;Ne
244;12,6;-62,5;6,57;2,16;Negativno;Ne
245;1,9;-37,6;7,58;4,98;Negativno;Ne
246;8,8;-17,8;7,73;1,13;Negativno;Ne
247;10,0;150,0;-2,0;2,04;Pozitivno;Ne
248;12,9;-59,5;6,89;4,03;Negativno;Ne
249;14,2;-56,5;7,03;2,13;Negativno;Ne
250;11,4;-58,4;7,07;4,12;Negativno;Ne
251;5,6;-53,9;6,23;0,85;Negativno;Ne
252;6,0;-45,8;6,14;4,41;Negativno;Ne
253;5,4;-44,8;6,59;5,87;Negativno;Ne
254;1,4;-49,6;6,86;3,76;Negativno;Ne
255;13,9;-51,5;6,46;5,5;Negativno;Ne
256;3,5;-50,4;7,03;1,42;Negativno;Ne
257;6,1;-60,3;6,34;2,68;Negativno;Ne
258;12,8;-65,3;6,71;4,35;Negativno;Ne
259;12,9;-45,9;7,24;4,65;Negativno;Ne
260;0,7;-56,1;6,37;0,11;Negativno;Da
261;4,2;-34,1;6,8;5,82;Negativno;Ne
262;12,0;-29,7;7,09;1,51;Negativno;Ne
263;2,2;-61,1;7,39;1,94;Negativno;Ne
264;0,7;-51,3;6,83;5,33;Negativno;Ne
265;1,2;-79,2;6,67;0,42;Negativno;Ne
266;0,8;-47,4;7,33;1,05;Negativno;Ne
267;0,4;-49,6;7,11;0,66;Negativno;Ne
268;4,4;-55,3;6,94;1,94;Negativno;Ne
269;11,6;-29,7;7,35;5,79;Negativno;Ne
270;8,3;-42,2;6,45;0,83;Negativno;Ne
271;12,7;-22,5;7,6;1,63;Negativno;Ne
272;7,6;-51,4;7,92;4,11;Negativno;Ne
273;3,9;-36,9;7,54;2,41;Negativno;Ne
274;8,4;-52,8;7,49;3,67;Negativno;Da
275;8,0;-58,0;6,48;1,88;Negativno;Ne
276;1,1;-52,4;6,63;4,39;Negativno;Ne
277;1,5;-39,7;7,22;2,59;Negativno;Da
278;10,1;-38,9;7,28;4,28;Negativno;Ne
279;12,5;-19,8;6,85;8,495063091185164;Pozitivno;Da
280;4,1;-17,6;6,94;2,56;Negativno;Ne
281;4,3;-68,4;6,88;2,73;Negativno;Ne
282;0,8;-26,9;6,57;5,7;Negativno;Ne
283;0,4;-38,0;6,46;0,69;Negativno;Ne
284;7,0;-69,2;7,13;1,39;Negativno;Ne
285;0,6;-58,8;7,98;0,54;Negativno;Ne
286;12,0;-43,0;6,85;1,8;Negativno;Ne
287;8,3;-36,6;7,15;1,49;Negativno;Ne
288;14,7;-53,1;7,09;4,8;Negativno;Ne
289;0,7;-27,3;6,33;2,04;Negativno;Ne
290;9,9;-92,5;7,71;1,14;Negativno;Ne
291;10,1;-46,8;7,12;5,77;Negativno;Ne
292;8,7;-53,5;6,84;4,58;Negativno;Ne
293;1,2;-50,9;7,65;3,89;Negativno;Ne
294;3,1;-54,1;7,09;4,38;Negativno;Ne
295;8,5;-46,3;6,48;2,73;Negativno;Ne
296;14,2;-47,3;6,68;4,49;Negativno;Ne
297;10,5;-64,1;7,35;2,49;Negativno;Ne
298;9,0;-51,5;7,06;4,72;Negativno;Ne
299;12,9;-46,8;7,35;1,56;Negativno;Ne
300;10,8;-31,2;7,08;5,74;Negativno;Da
301;12,8;-22,7;7,17;3,48;Negativno;Ne
302;0,6;-55,1;6,64;3,65;Negativno;Ne
303;14,8;-39,3;7,51;5,83;Pozitivno;Ne
304;8,1;-53,5;7,44;2,21;Pozitivno;Ne
305;6,7;-63,7;7,11;5,73;Negativno;Ne
306;0,7;-72,8;6,52;2,42;Negativno;Ne
307;6,3;-55,3;7,26;4,44;Negativno;Ne
308;6,0;-60,0;6,69;1,67;Negativno;Ne
309;0,6;-43,6;6,04;5,79;Negativno;Ne
310;10,4;-54,0;7,59;3,89;Negativno;Ne
311;8,8;-56,1;6,35;2,38;Negativno;Ne
312;13,0;-31,6;7,9;4,37;Negativno;Ne
313;2,1;-45,8;7,26;5,56;Negativno;Ne
314;5,6;-50,4;7,14;4,18;Negativno;Da
315;14,0;-59,4;7,25;3,0;Negativno;Ne
316;9,2;-41,2;6,9;0,91;Negativno;Ne
317;11,3;-6,5;6,69;6,805063091185164;Pozitivno;Da
318;13,4;-75,5;6,14;2,34;Negativno;Ne
319;14,0;-31,4;7,31;5,64;Negativno;Ne
320;9,8;-74,4;6,56;4,03;Negativno;Ne
321;11,9;-42,4;7,42;3,42;Negativno;Ne
322;3,5;-41,5;7,33;2,36;Negativno;Ne
323;0,7;-62,2;6,63;3,2;Negativno;Da
324;8,5;-40,1;6,92;5,3;Pozitivno;Ne
325;2,8;-32,0;7,03;0,92;Negativno;Da
326;0,8;-66,6;7,36;0,28;Negativno;Ne
327;1,3;-47,3;7,04;4,28;Negativno;Ne
328;8,3;-44,3;7,86;5,63;Negativno;Ne
329;0,7;-45,2;7,26;5,73;Negativno;Ne
330;1,7;-53,9;5,9;5,7;Negativno;Da
331;8,0;-47,6;6,7;4,31;Negativno;Ne
332;6,1;-55,4;6,74;1,61;Negativno;Ne
333;6,7;-47,7;6,55;0,97;Negativno;Ne
334;0,7;-71,9;6,94;2,53;Negativno;Ne
335;6,7;-40,2;6,19;3,2;Negativno;Da
336;5,3;-25,4;7,55;4,56;Negativno;Da
337;1,0;-64,8;7,45;0,43;Negativno;Ne
338;8,0;-63,8;7,33;1,58;Negativno;Ne
339;2,5;-56,4;8,34;5,14;Negativno;Ne
340;8,1;-28,0;6,92;0,89;Negativno;Da
341;6,2;-42,2;7,47;2,01;Negativno;Ne
342;2,0;-58,9;7,68;5,75;Negativno;Ne
343;6,1;-47,6;7,14;0,3;Negativno;Ne
344;13,5;-44,7;6,44;4,99;Negativno;Ne
345;14,4;-84,3;7,21;3,81;Negativno;Ne
346;2,1;-36,2;6,49;1,74;Negativno;Ne
347;3,9;-77,4;7,45;4,2;Negativno;Ne
348;5,9;-52,7;6,93;3,35;Negativno;Ne
349;4,2;-44,9;6,17;3,7;Negativno;Ne
350;13,5;-11,1;6,37;6,7850630911851635;Pozitivno;Da
351;3,0;-26,5;7,17;1,36;Negativno;Ne
352;3,4;-51,3;6,94;1,34;Negativno;Ne
353;8,2;-68,6;7,95;0,47;Negativno;Ne
354;10,4;-40,3;7,11;1,88;Negativno;Ne
355;3,3;-31,3;7,07;4,58;Negativno;Ne
356;3,1;-40,6;6,85;2,64;Negativno;Ne
357;3,9;-41,9;7,39;4,95;Negativno;Ne
358;12,9;-39,8;7,12;4,61;Negativno;Ne
359;11,6;-66,5;6,66;5,19;Negativno;Ne
360;12,3;-80,0;7,9;5,12;Negativno;Ne
361;4,6;-24,6;6,66;1,72;Negativno;Ne
362;10,4;-59,7;7,62;1,25;Negativno;Ne
363;1,6;-62,8;7,37;1,13;Negativno;Ne
364;0,9;-57,8;6,11;4,51;Negativno;Ne
365;8,0;-62,6;6,87;1,49;Pozitivno;Ne
366;4,2;-66,1;7,81;0,99;Negativno;Ne
367;5,4;-42,6;7,08;4,24;Negativno;Ne
368;7,7;-20,2;6,48;5,34;Negativno;Ne
369;6,9;-49,6;6,89;5,27;Negativno;Ne
370;10,0;-58,6;6,89;1,02;Negativno;Ne
371;10,7;-43,1;7,86;3,26;Negativno;Ne
372;4,0;-39,0;6,73;2,73;Negativno;Ne
373;2,8;-36,4;7,67;2,28;Negativno;Ne
374;12,4;-46,1;6,96;5,81;Negativno;Ne
375;9,0;-51,6;6,69;4,0;Negativno;Ne
376;2,0;-41,0;7,29;0,29;Negativno;Ne
377;5,4;-61,8;7,02;2,33;Negativno;Ne
378;10,9;-28,9;6,88;4,85;Negativno;Ne
379;2,7;-51,5;7,09;1,83;Negativno;Ne
380;11,3;-55,8;7,0;1,15;Negativno;Ne
381;1,1;-51,7;6,67;4,81;Negativno;Ne
382;14,3;-36,9;7,03;3,78;Negativno;Ne
383;14,8;-23,5;6,27;5,25;Negativno;Ne
384;9,2;-53,9;6,88;1,54;Negativno;Ne
385;9,8;-66,8;7,11;5,7;Negativno;Ne
386;10,8;-45,8;7,23;1,93;Negativno;Ne
387;14,2;-32,8;7,17;0,77;Negativno;Ne
388;10,1;-55,2;6,07;0,66;Pozitivno;Ne
389;5,6;-68,2;7,32;0,95;Negativno;Ne
390;1,0;-64,1;6,61;3,67;Negativno;Ne
391;7,7;-39,9;8,41;3,77;Negativno;Ne
392;12,5;-53,7;6,89;5,01;Negativno;Ne
393;8,5;-73,1;6,76;3,53;Negativno;Ne
394;6,7;-60,4;6,73;5,01;Negativno;Ne
395;8,5;-46,4;7,1;5,15;Negativno;Ne
396;0,6;-39,5;6,85;1,72;Negativno;Ne
397;7,8;-32,5;6,38;4,82;Negativno;Ne
398;10,5;-50,0;7,33;5,63;Negativno;Ne
399;6,9;-71,7;6,62;3,2;Negativno;Ne
400;5,7;-54,8;7,44;3,94;Negativno;Ne
401;8,8;-10,9;6,49;5,2350630911851646;Pozitivno;Da
402;7,8;-51,7;6,88;0,37;Negativno;Ne
403;3,1;-44,2;6,87;4,92;Negativno;Ne
404;6,7;-61,4;7,73;0,14;Negativno;Ne
405;9,0;-66,2;7,63;1,06;Negativno;Ne
406;10,6;-62,0;8,43;3,17;Negativno;Ne
407;7,3;-48,9;5,94;2,88;Negativno;Ne
408;1,8;-44,9;6,72;5,29;Negativno;Ne
409;7,3;-56,5;6,41;1,97;Negativno;Ne
410;0,8;-38,6;7,08;1,3;Negativno;Ne
411;12,7;-51,4;6,39;5,31;Negativno;Ne
412;6,4;-59,7;6,18;4,6;Pozitivno;Ne
413;0,6;-80,2;6,78;5,04;Negativno;Ne
414;0,5;-49,3;7,68;0,8;Negativno;Ne
415;12,9;-54,9;6,88;2,35;Negativno;Ne
416;2,3;-68,4;6,87;4,27;Negativno;Ne
417;6,4;-4,8;6,19;3,04;Negativno;Ne
418;8,1;-43,9;7,26;3,07;Negativno;Ne
419;7,9;-43,8;6,85;4,48;Pozitivno;Ne
420;9,4;-53,2;6,99;3,61;Negativno;Ne
421;12,7;-47,4;7,49;5,18;Negativno;Ne
422;5,0;-62,7;7,89;0,69;Negativno;Ne
423;8,2;-44,5;7,13;5,13;Negativno;Ne
424;8,5;-25,4;7,39;5,69;Negativno;Ne
425;13,0;-62,2;7,49;1,6;Negativno;Ne
426;10,7;-61,0;7,95;0,74;Negativno;Ne
427;14,2;-31,6;6,31;0,93;Negativno;Ne
428;13,2;-44,4;6,32;5,12;Negativno;Ne
429;12,3;-17,1;7,29;4,787200173753238;Pozitivno;Da
430;4,1;-28,6;6,76;3,15;Negativno;Ne
431;12,7;-64,1;8,06;0,8;Negativno;Ne
432;12,6;-29,4;6,96;2,77;Negativno;Ne
433;1,0;-64,0;7,04;1,32;Negativno;Ne
434;0,5;-30,3;7,06;3,06;Negativno;Ne
435;9,9;-26,3;6,83;3,13;Negativno;Ne
436;11,4;-26,3;7,3;4,39;Negativno;Ne
437;7,6;-49,1;8,4;5,32;Negativno;Ne
438;14,5;-41,1;6,7;5,32;Negativno;Ne
439;2,8;-44,3;7,6;0,33;Negativno;Ne
440;11,2;-52,0;7,08;5,84;Negativno;Ne
441;1,0;-46,7;7,44;4,97;Negativno;Ne
442;4,9;-51,7;5,88;5,19;Negativno;Ne
443;12,8;-17,5;6,95;1,33;Negativno;Ne
444;9,2;-63,5;7,48;2,34;Negativno;Ne
445;6,9;-74,5;6,23;1,78;Negativno;Ne
446;0,2;-55,8;6,41;0,62;Negativno;Ne
447;9,6;-64,2;6,75;5,98;Negativno;Ne
448;9,5;-9,8;6,97;3,6472001737532374;Pozitivno;Da
449;10,8;-39,8;6,86;3,17;Negativno;Ne
450;10,4;-36,8;7,47;5,99;Negativno;Ne
451;7,4;-49,4;7,4;2,97;Negativno;Ne
452;7,0;-70,5;7,24;4,83;Negativno;Ne
453;10,5;-49,2;6,88;0,78;Negativno;Ne
454;5,8;-22,1;7,4;4,77;Negativno;Ne
455;12,1;-43,1;5,61;4,11;Negativno;Ne
456;9,3;-36,3;6,97;5,27;Negativno;Ne
457;5,0;-37,5;6,96;4,44;Negativno;Ne
458;15,0;-42,8;6,97;1,26;Negativno;Da
459;7,8;-82,5;6,93;3,89;Negativno;Ne
460;1,1;-36,6;6,79;5,55;Negativno;Ne
461;9,7;-44,7;7,99;2,83;Negativno;Ne
462;12,4;-52,5;7,73;0,97;Negativno;Ne
463;14,6;150,0;-2,0;1,38;Pozitivno;Ne
464;14,1;-42,3;7,85;2,83;Negativno;Ne
465;3,1;-53,4;6,61;2,21;Pozitivno;Ne
466;7,9;-21,0;7,05;1,51;Pozitivno;Da
467;15,0;-38,9;7,07;3,79;Negativno;Ne
468;8,0;-46,4;7,78;4,5;Negativno;Ne
469;9,4;-24,5;6,92;0,42;Negativno;Ne
470;14,1;-22,9;6,41;1,57;Negativno;Ne
471;9,2;-68,1;7,95;4,2;Negativno;Ne
472;7,7;-54,8;7,1;5,62;Negativno;Ne
473;12,8;-46,0;7,03;1,31;Negativno;Ne
474;5,9;-43,1;7,0;0,77;Negativno;Ne
475;13,2;-44,4;7,14;2,74;Negativno;Da
476;14,7;-44,6;7,4;5,36;Negativno;Ne
477;4,1;-61,7;7,19;4,57;Negativno;Ne
478;13,0;-52,0;7,35;2,13;Negativno;Ne
479;8,7;-42,4;7,38;0,87;Negativno;Ne
480;14,6;-58,2;7,24;0,56;Negativno;Ne
481;5,8;-68,5;7,13;2,94;Negativno;Ne
482;12,3;-50,4;6,76;4,74;Negativno;Ne
483;6,8;-74,6;7,61;2,73;Negativno;Ne
484;0,2;-63,7;7,53;0,79;Negativno;Da
485;11,5;-65,7;6,66;4,72;Negativno;Ne
486;13,1;-39,7;6,68;0,76;Negativno;Ne
487;8,9;-64,1;7,58;1,53;Negativno;Ne
488;14,5;-44,1;6,99;4,87;Negativno;Ne
489;7,1;-58,9;7,1;4,74;Negativno;Ne
490;12,0;-35,2;6,64;4,54;Negativno;Ne
491;14,1;-44,2;5,9;4,61;Negativno;Ne
492;6,3;-27,4;7,63;3,92;Negativno;Ne
493;10,3;-29,7;7,05;0,35;Negativno;Ne
494;9,5;-62,8;7,6;0,47;Negativno;Ne
495;13,7;-52,9;7,2;3,13;Negativno;Ne
496;9,4;-66,1;7,45;0,77;Negativno;Ne
497;0,6;-52,0;6,75;5,34;Negativno;Da
498;12,7;-25,7;7,09;0,27;Negativno;Ne
499;4,3;-65,5;7,29;4,58;Negativno;Ne
500;11,9;-53,0;6,55;0,18;Negativno;Ne
501;12,0;-46,1;7,25;2,75;Negativno;Ne
502;1,0;-41,4;7,02;2,56;Negativno;Ne
503;6,9;-70,4;7,17;0,52;Negativno;Ne
504;9,4;-35,0;6,74;4,05;Negativno;Ne
505;6,2;-54,2;7,57;2,79;Negativno;Ne
506;1,3;-48,8;8,02;3,35;Negativno;Ne
507;4,2;-69,4;6,82;5,89;Pozitivno;Ne
508;11,6;-72,6;6,76;1,8;Negativno;Ne
509;9,5;-39,1;7,77;4,61;Negativno;Ne
510;12,7;-60,8;6,33;4,74;Negativno;Ne
511;3,0;-74,1;6,61;1,81;Negativno;Ne
512;1,9;-58,2;6,6;0,61;Negativno;Ne
513;5,4;-35,2;6,91;2,85;Negativno;Ne
514;8,1;-65,5;6,55;0,61;Negativno;Ne
515;1,6;-52,3;6,48;3,88;Negativno;Ne
516;13,6;-45,4;7,69;1,47;Negativno;Ne
517;11,4;-44,7;7,49;4,15;Negativno;Ne
518;11,7;-81,1;6,8;3,52;Negativno;Ne
519;11,2;-32,4;6,56;6,0;Negativno;Ne
520;11,0;-69,8;6,41;5,1;Negativno;Ne
521;3,1;-73,8;7,57;1,79;Negativno;Da
522;14,9;-42,7;7,06;2,53;Negativno;Ne
523;10,7;-56,0;7,33;2,35;Negativno;Ne
524;2,4;-56,1;6,77;3,87;Negativno;Ne
525;14,2;-47,0;6,67;2,37;Negativno;Ne
526;8,7;-73,8;7,58;4,52;Negativno;Ne
527;6,9;-77,6;6,86;1,2;Negativno;Ne
528;9,6;-69,0;5,8;1,91;Negativno;Ne
529;6,8;-53,9;7,94;5,32;Negativno;Ne
530;12,4;-55,1;7,87;3,69;Negativno;Ne
531;13,2;-65,7;7,06;4,84;Negativno;Ne
532;7,5;-34,9;6,92;5,75;Negativno;Ne
533;14,7;-55,6;7,52;4,71;Negativno;Ne
534;12,8;-54,3;6,76;1,89;Negativno;Ne
535;0,4;-92,7;7,57;4,06;Negativno;Da
536;8,4;-46,0;7,04;5,6;Negativno;Ne
537;3,5;-47,3;6,54;3,8;Negativno;Ne
538;14,1;-76,8;7,26;3,53;Negativno;Ne
539;0,7;-25,1;6,36;2,44;Negativno;Da
540;15,0;-64,6;7,84;3,86;Negativno;Ne
541;6,2;-74,2;6,44;3,57;Negativno;Ne
542;9,9;-72,9;7,37;5,52;Negativno;Ne
543;8,6;-68,6;6,73;1,08;Negativno;Ne
544;1,8;-27,8;7,52;4,88;Negativno;Ne
545;8,7;-51,4;6,76;5,51;Negativno;Ne
546;7,5;-45,2;7,21;3,49;Negativno;Ne
547;8,1;-27,5;7,04;0,53;Negativno;Ne
548;5,8;-32,0;6,69;3,24;Negativno;Ne
549;9,0;-22,1;6,53;1,39;Negativno;Da
550;13,8;-71,7;6,64;2,48;Negativno;Ne
551;13,0;-53,0;7,47;5,73;Negativno;Ne
552;9,7;-62,0;7,09;4,97;Pozitivno;Ne
553;4,2;-56,1;7,16;0,67;Negativno;Ne
554;1,9;-52,4;6,67;3,76;Negativno;Ne
555;7,6;-76,4;6,01;0,48;Negativno;Ne
556;1,0;-72,8;7,13;3,13;Negativno;Ne
557;4,9;-24,8;7,09;2,41;Negativno;Da
558;8,1;-29,2;7,22;1,38;Pozitivno;Ne
559;3,7;-80,6;7,46;5,48;Negativno;Ne
560;12,0;-65,6;7,22;1,85;Negativno;Ne
561;3,8;-59,2;7,26;1,11;Negativno;Ne
562;5,1;-33,0;6,17;4,4;Negativno;Ne
563;14,8;-57,5;7,05;0,44;Negativno;Ne
564;9,3;-26,4;7,06;1,22;Negativno;Ne
565;11,1;-64,7;6,75;2,46;Negativno;Ne
566;1,5;-56,5;6,54;3,14;Negativno;Ne
567;7,2;-87,3;7,09;4,99;Negativno;Ne
568;3,6;-49,5;7,71;2,29;Negativno;Ne
569;5,5;-27,7;6,79;4,59;Negativno;Ne
570;14,6;-87,8;7,27;1,68;Negativno;Ne
571;12,9;-31,4;7,87;3,58;Negativno;Ne
572;6,2;-64,1;6,47;2,91;Negativno;Ne
573;7,2;-25,5;6,17;2,72;Negativno;Ne
574;6,8;-39,7;6,8;3,95;Negativno;Ne
575;10,6;-67,4;7,71;4,67;Negativno;Ne
576;13,8;-27,7;7,15;1,36;Negativno;Da
577;9,0;-42,0;7,04;3,2;Negativno;Ne
578;7,1;-56,1;8,08;0,61;Negativno;Ne
579;3,3;-45,6;7,11;5,44;Negativno;Ne
580;2,0;-46,4;7,41;5,84;Negativno;Ne
581;1,0;-43,1;7,38;4,61;Negativno;Ne
582;8,3;-54,0;6,17;5,69;Negativno;Ne
583;5,7;-46,0;7,32;2,92;Pozitivno;Ne
584;14,9;-23,6;6,91;3,28;Negativno;Ne
585;2,7;-49,1;6,65;4,31;Negativno;Ne
586;1,1;-48,4;6,93;1,12;Negativno;Ne
587;11,4;-38,9;7,16;1,83;Negativno;Ne
588;6,6;-16,9;7,22;4,957200173753238;Pozitivno;Da
589;4,3;-66,2;7,06;4,82;Negativno;Ne
590;11,1;-35,0;6,68;3,71;Negativno;Ne
591;1,3;-46,6;7,35;2,9;Pozitivno;Ne
592;12,5;-54,5;7,1;5,93;Negativno;Ne
593;1,5;-74,4;6,42;1,04;Negativno;Ne
594;14,2;-55,8;6,75;5,66;Negativno;Ne
595;2,9;-46,1;7,28;2,41;Negativno;Ne
596;6,5;-32,7;6,24;2,23;Negativno;Ne
597;4,9;-48,0;6,75;4,47;Negativno;Ne
598;1,1;-37,4;7,83;1,25;Negativno;Ne
599;14,1;-46,6;6,86;0,16;Negativno;Ne
600;5,5;-34,4;6,65;1,8;Negativno;Ne
601;14,9;-27,8;6,51;1,89;Pozitivno;Ne
602;3,5;-60,8;7,53;4,83;Negativno;Ne
603;6,3;-33,8;7,55;0,71;Negativno;Ne
604;10,6;-38,3;6,53;3,05;Negativno;Ne
605;9,8;-38,2;7,17;5,72;Negativno;Ne
606;10,6;-39,1;6,64;5,96;Negativno;Ne
607;0,2;-78,9;7,04;5,71;Negativno;Ne
608;5,1;-12,2;6,78;5,24;Negativno;Ne
609;13,2;-59,2;7,43;1,85;Negativno;Ne
610;12,4;-10,9;8,1;6,637200173753238;Pozitivno;Da
611;9,0;-54,3;7,04;4,57;Negativno;Ne
612;14,2;-43,0;6,12;1,47;Pozitivno;Ne
613;14,4;-50,7;7,43;4,94;Negativno;Ne
614;14,7;-51,5;7,65;5,16;Negativno;Ne
615;6,0;-60,5;7,16;0,37;Negativno;Ne
616;7,7;-31,8;7,28;5,62;Negativno;Ne
617;8,9;-55,0;7,0;1,35;Negativno;Ne
618;4,5;-55,8;6,56;5,55;Negativno;Ne
619;1,2;-60,3;7,23;3,11;Negativno;Ne
620;14,9;-41,9;6,65;4,09;Negativno;Ne
621;11,0;-49,7;7,87;0,76;Negativno;Ne
622;5,9;-25,9;7,45;3,3;Negativno;Ne
623;5,0;-55,4;6,8;1,4;Negativno;Ne
624;13,5;-27,0;6,36;3,11;Negativno;Ne
625;8,3;-45,5;7,92;0,86;Negativno;Ne
626;11,2;-38,0;6,59;3,58;Negativno;Ne
627;13,4;-35,2;6,65;0,3;Negativno;Ne
628;14,7;-76,0;6,51;2,34;Negativno;Ne
629;4,6;-45,7;6,46;1,4;Negativno;Ne
630;11,1;-19,8;7,29;5,47;Negativno;Ne
631;12,2;-18,1;7,45;0,37;Negativno;Ne
632;11,5;-52,6;6,44;3,45;Negativno;Ne
633;9,9;-45,3;7,14;3,77;Pozitivno;Ne
634;1,6;-62,4;7,77;3,46;Negativno;Ne
635;8,0;-35,0;7,48;2,42;Negativno;Ne
636;2,9;-57,1;7,16;1,37;Negativno;Ne
637;4,8;-51,2;6,96;2,39;Negativno;Ne
638;3,6;-39,8;6,79;2,13;Negativno;Ne
639;14,9;-62,4;7,12;3,7;Negativno;Ne
640;4,0;-48,7;6,8;3,08;Negativno;Ne
641;8,9;-45,5;7,34;0,11;Negativno;Ne
642;1,4;-53,2;6,86;5,65;Negativno;Ne
643;13,4;-51,5;7,36;5,65;Negativno;Ne
644;10,0;-67,8;6,82;3,47;Negativno;Ne
645;10,1;-26,3;6,55;4,82;Negativno;Ne
646;9,0;-60,1;7,49;5,0;Negativno;Ne
647;1,3;-41,0;7,06;0,34;Negativno;Ne
648;1,1;-36,6;7,41;1,22;Negativno;Da
649;14,4;-28,6;8,0;3,97;Negativno;Ne
650;1,3;-32,1;7,09;4,15;Negativno;Da
651;1,0;-31,8;7,26;3,42;Negativno;Ne
652;2,9;-75,4;7,08;5,5;Negativno;Ne
653;13,7;-67,4;6,87;0,68;Negativno;Ne
654;11,5;-37,8;6,94;1,91;Negativno;Ne
655;14,3;-61,8;7,82;3,67;Negativno;Ne
656;8,5;-58,7;7,27;4,2;Negativno;Ne
657;1,0;-52,7;6,63;2,06;Negativno;Ne
658;6,2;-26,9;7,25;1,73;Negativno;Ne
659;1,7;-46,0;6,37;0,61;Negativno;Ne
660;6,7;-36,8;7,66;3,48;Negativno;Ne
661;7,6;-25,2;6,96;2,35;Negativno;Ne
662;13,2;-59,2;7,38;3,76;Negativno;Ne
663;9,3;-55,6;6,92;4,02;Negativno;Ne
664;6,2;-48,2;6,87;5,61;Negativno;Da
665;11,4;-61,8;7,35;1,92;Negativno;Ne
666;6,2;-76,3;6,63;5,15;Negativno;Ne
667;11,2;-26,6;6,71;1,93;Negativno;Ne
668;1,9;-39,3;7,24;2,96;Negativno;Ne
669;2,0;-62,9;6,91;2,15;Negativno;Ne
670;7,7;-43,0;5,77;3,97;Negativno;Ne
671;5,9;-68,0;6,25;2,83;Negativno;Ne
672;6,8;-41,5;6,1;3,27;Negativno;Ne
673;4,4;-52,8;7,2;5,26;Negativno;Ne
674;10,5;-58,5;6,79;3,06;Negativno;Ne
675;1,4;-54,0;6,64;5,37;Negativno;Ne
676;2,1;-16,5;8,12;2,08;Pozitivno;Ne
677;5,9;-49,3;7,0;4,1;Negativno;Ne
678;13,4;-49,0;7,38;1,98;Negativno;Ne
679;3,9;-77,7;6,12;3,93;Negativno;Ne
680;4,2;-72,6;6,59;5,93;Negativno;Da
681;0,7;-48,3;8,03;5,46;Negativno;Ne
682;5,6;-69,8;6,62;1,29;Negativno;Ne
683;2,5;-55,7;6,76;3,29;Negativno;Ne
684;13,0;-63,0;7,57;2,86;Negativno;Ne
685;4,9;-39,2;6,72;0,86;Negativno;Ne
686;9,6;-54,7;7,23;4,22;Negativno;Da
687;8,5;-89,1;6,97;0,58;Negativno;Ne
688;8,5;-69,6;7,25;4,26;Negativno;Ne
689;6,8;-63,5;7,11;2,34;Negativno;Ne
690;3,2;-44,6;7,58;1,87;Negativno;Ne
691;13,9;-69,3;7,1;1,86;Pozitivno;Ne
692;9,3;-45,5;6,87;5,09;Negativno;Ne
693;2,5;-48,3;6,57;1,83;Negativno;Ne
694;7,0;-43,1;6,5;3,04;Negativno;Ne
695;4,9;-72,3;7,41;3,41;Pozitivno;Ne
696;5,0;-45,5;6,84;1,46;Pozitivno;Ne
697;11,3;-42,2;6,31;4,09;Negativno;Ne
698;6,8;-48,9;7,66;2,3;Negativno;Ne
699;2,2;-41,2;7,19;1,29;Negativno;Ne
700;11,8;-59,7;7,95;3,42;Negativno;Ne
701;0,8;-64,1;6,95;5,02;Negativno;Ne
702;10,1;-39,0;7,57;0,82;Negativno;Ne
703;1,6;-62,1;6,02;0,55;Negativno;Ne
704;2,9;-44,7;7,16;3,24;Negativno;Ne
705;4,1;-81,3;6,89;1,88;Negativno;Ne
706;5,3;-31,5;7,36;4,3;Negativno;Ne
707;12,6;-38,8;6,48;5,81;Negativno;Ne
708;6,3;-41,9;6,79;2,71;Negativno;Ne
709;8,9;-43,8;6,7;1,02;Negativno;Ne
710;12,7;-54,7;5,98;3,5;Negativno;Ne
711;6,3;-18,1;6,65;5,68;Negativno;Da
712;1,5;-74,5;6,59;3,27;Negativno;Ne
713;6,9;-59,9;6,34;1,19;Negativno;Ne
714;2,3;-60,7;7,25;3,65;Negativno;Ne
715;4,5;-53,6;6,98;4,41;Negativno;Ne
716;4,3;-61,9;7,07;4,78;Negativno;Ne
717;14,1;-73,9;6,36;0,1;Negativno;Ne
718;6,8;-47,5;6,03;0,12;Negativno;Da
719;4,3;-41,8;6,92;5,22;Negativno;Ne
720;5,7;-39,7;8,25;0,34;Negativno;Ne
721;7,5;-48,0;7,01;1,85;Negativno;Ne
722;5,5;-62,9;6,69;1,47;Negativno;Ne
723;8,3;-30,9;7,51;0,95;Negativno;Ne
724;12,8;-71,1;6,48;5,49;Negativno;Ne
725;7,2;-49,9;6,5;4,06;Negativno;Ne
726;13,5;-50,0;6,56;2,18;Pozitivno;Ne
727;2,4;-57,8;7,27;3,78;Negativno;Ne
728;8,9;-49,0;7,45;1,0;Negativno;Ne
729;10,0;-32,2;6,84;3,88;Negativno;Ne
730;11,3;-47,5;7,24;4,38;Negativno;Ne
731;9,4;-50,5;6,92;3,61;Negativno;Ne
732;12,6;-38,5;6,67;1,06;Negativno;Ne
733;12,4;-29,8;6,92;1,49;Negativno;Ne
734;4,8;-82,4;7,67;5,31;Negativno;Ne
735;13,8;-57,9;6,51;0,39;Negativno;Ne
736;12,7;-49,0;6,57;0,64;Negativno;Ne
737;1,9;-62,7;6,92;2,81;Negativno;Ne
738;1,1;-55,6;7,29;1,32;Negativno;Ne
739;4,8;-57,9;6,32;1,28;Negativno;Ne
740;3,3;-51,6;6,37;2,47;Negativno;Ne
741;14,2;-42,6;6,49;2,19;Negativno;Ne
742;14,9;-46,7;7,11;4,57;Negativno;Ne
743;0,8;-65,7;6,99;5,7;Negativno;Ne
744;1,5;-31,2;7,25;3,56;Negativno;Ne
745;10,6;-53,6;7,02;2,62;Negativno;Ne
746;13,4;-42,9;6,61;4,98;Negativno;Ne
747;6,4;-25,5;6,59;2,03;Negativno;Ne
748;12,7;-43,4;7,73;5,3;Negativno;Ne
749;3,1;-55,5;5,88;1,23;Negativno;Ne
750;14,3;-39,4;6,6;5,59;Negativno;Ne
751;12,5;-56,1;7,62;2,92;Negativno;Ne
752;1,1;-76,6;7,12;4,8;Pozitivno;Ne
753;11,3;-63,0;7,34;1,97;Negativno;Ne
754;12,3;-81,2;6,96;4,19;Negativno;Ne
755;3,7;-59,7;6,39;0,85;Negativno;Ne
756;1,9;-59,3;6,95;4,95;Negativno;Ne
757;13,5;-68,2;6,71;1,56;Pozitivno;Ne
758;4,4;-69,5;6,83;0,56;Negativno;Da
759;7,7;-50,3;7,04;4,79;Negativno;Ne
760;0,7;-55,9;6,33;0,28;Negativno;Ne
761;7,4;-60,4;6,49;1,97;Negativno;Ne
762;9,2;-49,9;7,24;3,52;Negativno;Da
763;10,8;-78,4;7,42;3,29;Negativno;Ne
764;4,5;-85,1;5,81;4,4;Negativno;Ne
765;11,0;-81,2;7,09;3,09;Negativno;Ne
766;9,4;-45,8;6,6;2,4;Negativno;Ne
767;1,9;-65,1;6,48;5,07;Negativno;Ne
768;8,7;-48,5;7,95;2,89;Negativno;Ne
769;4,4;-23,0;6,89;3,06;Negativno;Ne
770;13,4;-68,0;6,97;0,17;Negativno;Ne
771;6,8;-65,2;6,46;4,2;Negativno;Ne
772;0,7;-54,6;7,41;5,35;Pozitivno;Ne
773;10,0;-20,0;7,14;6,337200173753237;Pozitivno;Da
774;12,5;-37,9;6,7;2,13;Negativno;Ne
775;1,8;-38,6;7,03;4,38;Negativno;Ne
776;9,9;-51,4;7,87;3,53;Negativno;Ne
777;10,7;-62,2;6,54;0,54;Negativno;Ne
778;6,8;-59,1;7,29;4,72;Pozitivno;Ne
779;6,5;-42,2;7,48;1,85;Negativno;Ne
780;1,5;-52,3;7,52;2,75;Negativno;Ne
781;5,7;-56,1;5,77;5,22;Negativno;Da
782;9,9;-44,2;6,65;5,39;Pozitivno;Ne
783;6,0;-37,9;7,72;1,48;Negativno;Ne
784;4,0;-57,0;6,07;0,73;Pozitivno;Ne
785;7,6;-54,2;6,2;3,93;Negativno;Ne
786;6,5;-61,6;7,57;1,59;Negativno;Ne
787;14,2;-53,7;6,96;5,74;Negativno;Ne
788;8,1;-54,9;6,48;2,95;Negativno;Ne
789;3,6;-42,9;6,77;4,32;Pozitivno;Ne
790;0,7;-45,6;6,45;2,14;Negativno;Ne
791;11,7;-39,4;6,68;0,61;Negativno;Ne
792;7,6;-48,7;6,49;5,52;Negativno;Ne
793;12,2;-50,5;6,24;4,38;Negativno;Ne
794;3,9;-34,0;7,06;2,78;Negativno;Ne
795;7,9;-77,7;5,59;0,82;Negativno;Ne
796;11,1;-74,6;7,21;0,45;Negativno;Ne
797;12,5;-76,0;6,49;4,57;Negativno;Ne
798;8,1;-69,2;6,45;1,97;Negativno;Ne
799;2,3;-60,0;6,32;4,72;Negativno;Ne
800;12,4;-53,2;7,18;3,44;Negativno;Ne
801;5,1;-70,1;6,98;1,47;Negativno;Ne
802;5,6;-58,2;6,61;5,02;Negativno;Ne
803;14,1;-74,9;7,99;4,26;Negativno;Ne
804;11,8;-6,4;7,55;5,11;Negativno;Ne
805;14,1;-68,6;6,12;5,36;Negativno;Ne
806;9,9;-46,9;6,88;3,09;Negativno;Ne
807;6,8;-76,1;7,19;4,32;Negativno;Ne
808;14,8;-47,7;7,28;4,92;Negativno;Ne
809;7,4;-71,4;6,99;0,2;Pozitivno;Ne
810;5,1;-69,0;6,93;0,2;Negativno;Ne
811;12,8;-79,9;6,15;3,51;Negativno;Ne
812;1,7;-65,7;6,98;4,09;Negativno;Ne
813;12,2;-39,5;7,21;0,39;Negativno;Ne
814;14,6;-54,7;6,47;1,35;Negativno;Ne
815;1,5;-37,1;7,16;4,22;Negativno;Ne
816;13,0;-77,7;6,14;2,82;Negativno;Ne
817;10,5;-57,0;7,48;5,47;Negativno;Da
818;6,3;-29,1;7,95;2,41;Negativno;Ne
819;6,1;-65,6;7,51;4,68;Negativno;Ne
820;8,2;-60,5;6,56;1,21;Negativno;Ne
821;6,6;-61,5;7,83;0,9;Negativno;Da
822;4,6;-42,4;7,15;4,68;Negativno;Da
823;5,9;-39,4;7,19;3,89;Negativno;Ne
824;2,1;-54,3;7,32;1,2;Negativno;Ne
825;0,3;-43,4;6,86;3,3;Pozitivno;Da
826;1,1;-65,0;7,74;3,11;Negativno;Ne
827;12,9;-41,3;6,26;1,98;Negativno;Ne
828;3,9;-42,5;6,7;0,97;Negativno;Ne
829;8,2;-45,9;7,13;2,31;Negativno;Ne
830;13,5;-94,6;5,88;4,37;Negativno;Ne
831;3,8;-37,3;7,7;2,49;Pozitivno;Ne
832;9,2;-27,7;7,11;3,93;Negativno;Ne
833;1,1;-64,7;6,43;5,77;Negativno;Ne
834;13,0;-40,2;6,44;0,27;Negativno;Ne
835;3,0;-43,9;6,93;4,61;Negativno;Ne
836;14,2;-67,8;6,52;5,41;Negativno;Ne
837;4,6;-56,4;6,76;3,39;Negativno;Ne
838;3,3;-43,2;6,95;1,33;Negativno;Ne
839;13,7;-16,1;7,2;4,07;Negativno;Ne
840;13,9;-62,0;7,22;3,05;Negativno;Ne
841;5,5;-42,4;6,96;2,73;Negativno;Ne
842;6,6;-49,0;6,73;1,06;Negativno;Ne
843;8,1;-46,6;6,21;0,71;Negativno;Ne
844;2,1;-54,0;6,79;0,58;Negativno;Ne
845;4,8;-16,4;6,91;7,407200173753237;Pozitivno;Da
846;15,0;-62,1;7,74;4,69;Negativno;Ne
847;1,4;-63,9;6,64;4,25;Negativno;Da
848;13,3;-73,7;7,32;4,18;Negativno;Ne
849;11,9;-50,9;7,74;2,9;Negativno;Ne
850;12,8;-45,8;6,84;3,76;Negativno;Ne
851;1,5;-47,0;7,8;4,36;Negativno;Ne
852;4,9;-63,6;7,46;5,42;Negativno;Ne
853;0,6;-55,7;7,27;4,51;Negativno;Ne
854;12,9;-52,6;6,65;5,72;Negativno;Ne
855;9,4;-41,4;7,29;4,88;Negativno;Ne
856;1,0;-50,2;6,78;0,39;Negativno;Ne
857;10,1;-44,9;7,42;1,35;Negativno;Ne
858;6,9;-34,4;7,11;0,33;Negativno;Ne
859;1,6;-67,3;7,05;0,44;Negativno;Ne
860;0,2;-61,1;6,55;5,9;Negativno;Ne
861;13,3;-58,8;7,14;2,05;Negativno;Ne
862;8,0;-79,9;7,38;0,87;Negativno;Ne
863;1,7;-33,7;6,86;4,94;Pozitivno;Ne
864;4,8;-58,7;7,13;2,92;Negativno;Ne
865;13,0;-60,8;6,77;4,77;Negativno;Ne
866;6,8;-44,9;7,06;0,93;Negativno;Ne
867;6,6;-21,0;6,41;0,12;Negativno;Ne
868;12,0;-81,1;7,59;1,75;Negativno;Ne
869;3,5;-59,8;7,16;2,93;Negativno;Ne
870;6,0;-30,1;7,48;5,75;Negativno;Ne
871;10,6;-54,5;6,77;5,81;Negativno;Ne
872;9,7;-74,6;7,83;2,76;Negativno;Ne
873;3,4;-44,9;7,12;4,85;Pozitivno;Ne
874;12,2;-72,9;6,66;1,37;Negativno;Ne
875;5,1;-49,0;6,36;5,96;Negativno;Ne
876;7,5;-53,9;7,06;0,22;Negativno;Ne
877;13,9;-40,9;6,64;5,64;Negativno;Ne
878;11,1;-76,7;7,4;4,63;Negativno;Ne
879;1,9;-55,7;6,37;2,71;Negativno;Ne
880;1,1;-76,3;7,3;5,31;Negativno;Ne
881;11,1;-81,8;6,62;2,88;Negativno;Ne
882;4,8;-68,5;6,66;5,77;Negativno;Ne
883;8,7;-45,8;6,68;5,0;Negativno;Da
884;7,4;-42,6;8,02;0,36;Negativno;Ne
885;5,8;-75,0;6,94;2,92;Negativno;Ne
886;1,8;-33,7;6,51;2,42;Negativno;Ne
887;13,4;-75,1;6,48;2,5;Negativno;Ne
888;5,2;-37,2;6,98;4,06;Negativno;Ne
889;13,7;-36,8;7,09;2,11;Pozitivno;Ne
890;2,0;-47,1;7,93;4,63;Negativno;Ne
891;14,0;-48,5;6,47;0,24;Negativno;Ne
892;0,4;-67,9;7,48;4,93;Negativno;Ne
893;14,3;-38,8;6,78;1,62;Negativno;Ne
894;1,4;-69,2;6,98;5,01;Negativno;Ne
895;12,9;-23,7;6,41;4,22;Negativno;Ne
896;2,4;-56,8;6,83;1,11;Negativno;Ne
897;6,3;-34,9;7,35;2,97;Negativno;Ne
898;0,4;-70,3;7,25;0,38;Negativno;Ne
899;2,7;-38,0;6,8;3,72;Negativno;Ne
900;6,2;-45,2;7,56;2,41;Negativno;Ne
901;5,8;-44,1;7,18;3,44;Negativno;Ne
902;11,6;-26,1;7,02;5,1;Negativno;Ne
903;3,2;-61,3;7,06;4,77;Negativno;Ne
904;5,5;-38,8;7,74;1,61;Negativno;Ne
905;11,2;-50,7;6,51;1,69;Negativno;Ne
906;2,1;-37,6;7,34;5,29;Negativno;Ne
907;13,9;-45,2;7,2;1,27;Negativno;Ne
908;9,1;-36,9;7,35;0,89;Negativno;Ne
909;13,6;-27,5;7,22;5,85;Pozitivno;Ne
910;8,1;-38,5;7,65;0,52;Negativno;Ne
911;9,3;-57,4;6,7;3,66;Pozitivno;Ne
912;13,9;-30,8;6,94;0,34;Negativno;Ne
913;0,6;-39,0;7,5;1,11;Negativno;Ne
914;7,3;-33,4;7,31;5,33;Negativno;Ne
915;12,9;-36,9;7,15;2,17;Pozitivno;Ne
916;8,1;-48,6;7,57;5,91;Negativno;Ne
917;2,3;-53,4;6,55;4,93;Negativno;Ne
918;9,5;-58,2;6,69;4,69;Negativno;Ne
919;2,9;-39,4;6,8;0,84;Negativno;Ne
920;12,3;-58,0;6,62;2,57;Pozitivno;Ne
921;11,6;-54,3;6,17;0,47;Negativno;Ne
922;12,4;-36,9;7,42;0,76;Pozitivno;Ne
923;8,5;-49,3;6,91;4,18;Negativno;Da
924;9,9;-51,6;7,22;5,3;Negativno;Ne
925;0,3;-55,3;7,14;4,73;Negativno;Ne
926;8,7;-37,0;6,22;4,06;Negativno;Ne
927;8,6;-63,9;6,42;1,49;Negativno;Ne
928;8,0;-57,4;6,72;1,17;Negativno;Ne
929;5,2;-40,7;7,17;1,85;Negativno;Da
930;3,4;-53,5;7,62;5,74;Negativno;Ne
931;0,4;-30,8;6,27;4,22;Negativno;Ne
932;6,9;-42,2;6,84;0,61;Negativno;Ne
933;1,3;-55,2;6,48;3,19;Pozitivno;Ne
934;10,3;-47,6;6,76;4,11;Negativno;Ne
935;12,0;-76,0;6,33;5,86;Negativno;Ne
936;14,5;-22,3;6,37;2,02;Negativno;Ne
937;11,0;-48,4;6,91;3,83;Negativno;Ne
938;8,3;-100,0;7,87;2,5;Negativno;Ne
939;0,8;-61,5;6,78;3,27;Negativno;Da
940;2,7;-53,3;7,05;3,91;Negativno;Ne
941;1,2;-26,6;7,21;5,06;Negativno;Ne
942;11,5;-45,9;7,51;1,28;Negativno;Ne
943;11,9;-50,3;6,17;2,59;Negativno;Ne
944;7,0;-75,7;7,46;2,77;Negativno;Ne
945;11,1;-55,0;5,62;4,96;Negativno;Ne
946;14,1;-33,2;7,11;5,52;Negativno;Ne
947;0,2;-64,1;6,47;3,09;Negativno;Ne
948;11,6;-63,7;7,61;5,83;Negativno;Ne
949;10,8;-86,6;6,61;5,31;Negativno;Ne
950;4,0;-63,7;7,07;3,97;Negativno;Ne
951;9,4;-40,8;7,67;2,03;Negativno;Ne
952;8,7;-61,5;6,82;2,97;Negativno;Ne
953;6,5;-63,2;7,19;1,73;Negativno;Ne
954;14,1;-37,6;6,08;5,25;Negativno;Ne
955;13,3;-69,9;6,9;1,23;Negativno;Ne
956;12,7;-40,9;7,13;5,28;Negativno;Ne
957;12,3;-15,7;7,01;1,3;Pozitivno;Ne
958;2,8;-34,8;7,27;4,61;Negativno;Ne
959;14,7;-41,3;6,28;3,34;Negativno;Ne
960;3,3;-44,3;6,56;0,1;Negativno;Ne
961;8,2;-45,8;6,56;2,31;Pozitivno;Ne
962;1,3;-33,7;6,09;0,73;Pozitivno;Ne
963;4,0;-49,7;6,18;3,94;Negativno;Ne
964;13,8;-74,3;6,44;0,61;Pozitivno;Ne
965;7,6;-40,9;7,38;4,8;Negativno;Ne
966;13,0;-47,7;7,05;2,49;Negativno;Ne
967;11,6;-25,6;7,43;4,79;Negativno;Ne
968;14,0;-37,6;6,77;0,82;Negativno;Ne
969;5,4;-29,5;7,24;4,46;Negativno;Ne
970;13,4;-69,1;7,27;0,82;Negativno;Ne
971;5,4;-65,4;7,35;3,73;Negativno;Ne
972;0,1;-40,9;6,2;1,71;Negativno;Ne
973;9,0;-30,0;6,68;4,82;Negativno;Ne
974;5,1;-50,4;6,88;2,93;Negativno;Ne
975;3,0;-53,7;7,71;3,26;Negativno;Ne
976;13,6;-55,0;6,85;2,18;Negativno;Ne
977;0,9;-37,0;7,76;0,95;Negativno;Ne
978;12,1;-47,1;7,21;3,67;Negativno;Ne
979;8,2;-49,6;6,76;4,02;Negativno;Ne
980;13,3;-29,6;6,94;4,28;Pozitivno;Ne
981;4,5;-36,4;7,21;1,73;Negativno;Ne
982;9,5;-35,1;7,43;4,29;Negativno;Ne
983;4,6;-54,5;7,33;5,14;Pozitivno;Ne
984;12,3;-13,9;6,69;6,945063091185164;Pozitivno;Da
985;1,7;-43,6;7,29;1,9;Negativno;Ne
986;6,0;-37,2;7,65;5,43;Negativno;Ne
987;3,0;-46,0;6,33;0,37;Negativno;Ne
988;12,8;-46,1;7,75;1,49;Negativno;Ne
989;8,5;-46,5;7,35;5,75;Negativno;Ne
990;0,9;-30,4;6,07;4,9;Negativno;Ne
991;3,6;-40,4;7,51;5,3;Negativno;Ne
992;14,5;-41,4;6,85;0,94;Negativno;Ne
993;8,7;-66,3;7,55;2,99;Negativno;Ne
994;1,0;-18,0;7,41;2,87;Negativno;Ne
995;14,9;-49,2;7,56;4,45;Negativno;Ne
996;13,4;-75,3;7,17;4,23;Negativno;Ne
997;0,5;-24,1;6,66;3,02;Negativno;Ne
998;4,7;-69,6;7,07;0,18;Pozitivno;Ne
999;9,8;-33,6;7,68;3,84;Negativno;Ne
1000;8,0;-56,8;7,73;1,38;Negativno;Ne
1001;10,6;-43,2;6,76;2,22;Negativno;Ne
1002;14,9;-22,6;7,49;5,51;Negativno;Ne
1003;4,8;-30,1;6,66;3,76;Negativno;Ne
1004;1,5;-55,3;7,43;0,19;Negativno;Ne
1005;12,3;-44,2;7,71;3,06;Pozitivno;Ne
1006;11,8;-46,9;6,41;1,82;Negativno;Da
1007;8,6;-54,4;6,61;1,09;Negativno;Ne
1008;13,1;-66,9;7,31;2,51;Negativno;Ne
1009;12,2;-14,6;6,84;1,47;Negativno;Ne
1010;1,8;-85,8;6,62;5,1;Negativno;Ne
1011;10,9;-60,6;5,87;1,95;Negativno;Ne
1012;9,5;-42,4;6,64;5,71;Negativno;Ne
1013;5,7;-51,3;6,85;2,89;Pozitivno;Ne
1014;11,7;-93,3;6,08;5,8;Negativno;Ne
1015;9,8;-48,5;7,2;4,89;Negativno;Ne
1016;13,3;-55,9;7,65;1,96;Negativno;Ne
1017;3,5;-77,8;7,22;4,58;Negativno;Ne
1018;6,5;-65,5;7,28;2,14;Negativno;Ne
1019;8,7;-45,1;7,17;3,84;Negativno;Ne
1020;1,9;-25,5;6,55;3,58;Negativno;Ne
1021;14,7;-38,1;7,03;1,45;Negativno;Ne
1022;12,1;-56,1;6,57;1,91;Negativno;Ne
1023;3,6;-42,1;7,03;2,4;Pozitivno;Ne
1024;1,9;-44,5;7,28;4,24;Negativno;Ne
1025;3,9;-64,2;7,17;3,74;Negativno;Ne
1026;7,7;-50,2;7,19;4,34;Negativno;Ne
1027;7,8;-84,4;6,71;4,23;Negativno;Ne
1028;6,9;-28,2;7,34;2,37;Negativno;Ne
1029;13,3;-28,9;7,09;1,22;Negativno;Ne
1030;12,3;-63,3;6,36;5,41;Pozitivno;Ne
1031;10,8;-44,2;7,55;4,16;Negativno;Ne
1032;1,7;-44,4;7,51;2,29;Negativno;Ne
1033;2,5;-38,4;6,95;1,4;Negativno;Ne
1034;2,9;-45,3;7,57;2,89;Negativno;Ne
1035;1,0;-34,7;7,97;5,58;Negativno;Ne
1036;5,8;150,0;-2,0;2,26;Pozitivno;Da
1037;1,6;-54,1;7,02;5,62;Negativno;Ne
1038;5,4;-60,2;7,05;3,71;Negativno;Ne
1039;8,1;-64,3;6,65;2,8;Negativno;Ne
1040;1,3;-40,8;7,77;5,31;Negativno;Ne
1041;4,9;-42,7;7,09;3,46;Pozitivno;Ne
1042;2,8;-56,2;7,1;3,07;Negativno;Ne
1043;5,6;-38,2;7,54;0,68;Negativno;Ne
1044;13,6;-34,1;6,4;2,72;Negativno;Ne
1045;5,0;-34,1;7,48;1,27;Negativno;Ne
1046;12,1;-43,2;6,69;0,16;Pozitivno;Ne
1047;14,2;-65,7;7,09;3,97;Negativno;Ne
1048;8,8;-68,7;7,15;5,78;Negativno;Ne
1049;4,3;-83,0;7,32;2,71;Pozitivno;Ne
1050;5,0;-34,9;7,23;0,48;Negativno;Ne
1051;8,3;-18,6;7,15;0,85;Negativno;Ne
1052;10,0;-51,8;6,53;4,02;Negativno;Ne
1053;7,6;-51,2;6,21;1,79;Negativno;Ne
1054;12,4;-66,8;7,43;4,52;Negativno;Ne
1055;7,1;-57,6;7,05;2,9;Negativno;Ne
1056;8,4;-71,1;7,72;5,2;Negativno;Ne
1057;14,5;-33,9;7,32;4,47;Pozitivno;Ne
1058;7,0;-15,9;6,62;5,437200173753237;Pozitivno;Da
1059;7,4;-27,5;7,18;0,6;Pozitivno;Ne
1060;10,0;-37,9;6,86;4,92;Negativno;Ne
1061;13,3;-53,1;7,04;0,51;Negativno;Ne
1062;7,1;-76,0;6,76;3,44;Negativno;Ne
1063;3,2;-81,5;6,63;3,43;Negativno;Ne
1064;4,2;-30,9;6,1;0,2;Negativno;Da
1065;10,7;-50,7;7,84;3,67;Pozitivno;Ne
1066;3,2;-46,7;8,02;1,97;Negativno;Ne
1067;11,0;-54,9;7,1;0,28;Negativno;Ne
1068;11,1;-44,2;6,89;3,48;Negativno;Ne
1069;9,6;-53,2;7,59;0,61;Negativno;Ne
1070;13,5;-65,2;6,12;2,57;Negativno;Ne
1071;5,2;-70,6;7,24;3,79;Negativno;Ne
1072;13,2;-53,5;6,79;3,54;Pozitivno;Ne
1073;9,1;-41,0;6,32;4,01;Negativno;Da
1074;13,8;-51,6;6,15;2,94;Negativno;Ne
1075;11,4;-46,0;6,78;0,74;Pozitivno;Ne
1076;1,0;-47,6;6,44;5,33;Pozitivno;Ne
1077;9,4;-41,9;6,6;2,03;Negativno;Ne
1078;0,3;-56,8;6,64;5,1;Negativno;Da
1079;7,0;-33,0;7,67;0,87;Pozitivno;Ne
1080;3,9;-69,0;6,38;4,45;Negativno;Ne
1081;11,6;-61,5;7,42;2,84;Negativno;Ne
1082;6,2;-60,6;6,99;0,62;Negativno;Ne
1083;2,7;-57,1;6,14;5,41;Negativno;Ne
1084;14,6;-33,1;6,51;4,45;Negativno;Ne
1085;12,9;-29,8;7,15;3,31;Negativno;Ne
1086;0,5;-74,0;6,09;3,24;Negativno;Ne
1087;1,4;-24,1;7,56;0,23;Negativno;Ne
1088;8,6;-65,3;7,63;3,28;Negativno;Ne
1089;9,2;-47,4;7,78;0,12;Negativno;Ne
1090;11,0;-61,0;6,82;2,76;Negativno;Ne
1091;3,7;-47,2;8,1;3,38;Negativno;Ne
1092;9,3;-53,1;8,09;2,79;Negativno;Ne
1093;0,2;-45,0;6,89;0,67;Negativno;Ne
1094;13,4;-42,3;6,8;5,3;Negativno;Ne
1095;8,6;-36,6;7,9;5,83;Negativno;Ne
1096;7,7;-40,8;6,56;1,06;Pozitivno;Ne
1097;3,8;-60,3;7,42;3,46;Negativno;Ne
1098;2,2;-57,3;5,89;5,77;Negativno;Ne
1099;2,2;-71,1;6,75;5,18;Pozitivno;Ne
1100;12,4;-65,3;6,91;3,25;Negativno;Ne
1101;7,2;-47,9;7,24;3,24;Negativno;Ne
1102;4,8;-52,4;6,74;1,56;Negativno;Ne
1103;2,3;-56,9;7,63;5,27;Negativno;Ne
1104;7,7;-39,6;7,28;2,53;Negativno;Ne
1105;14,4;-11,9;7,33;8,827200173753237;Pozitivno;Da
1106;7,1;-27,4;6,48;3,36;Negativno;Ne
1107;4,4;-90,2;6,39;1,83;Negativno;Ne
1108;13,0;-44,5;7,72;1,44;Negativno;Ne
1109;13,0;-40,6;6,86;4,42;Negativno;Ne
1110;10,9;-62,1;6,87;5,9;Negativno;Ne
1111;6,1;-41,3;7,67;2,41;Negativno;Ne
1112;10,3;-60,8;6,74;4,1;Negativno;Ne
1113;11,0;-33,5;6,97;2,16;Negativno;Ne
1114;11,3;-5,2;7,08;5,005063091185164;Pozitivno;Da
1115;2,2;-63,8;6,56;4,36;Negativno;Ne
1116;9,5;-58,9;6,84;5,28;Negativno;Ne
1117;13,6;-36,2;7,39;2,11;Negativno;Ne
1118;2,9;-53,6;7,79;1,5;Negativno;Ne
1119;2,5;-49,5;7,17;5,77;Negativno;Ne
1120;6,6;-56,4;6,65;1,75;Negativno;Ne
1121;2,6;-60,0;7,02;5,58;Negativno;Ne
1122;2,2;-62,3;7,22;5,54;Negativno;Ne
1123;9,6;-43,4;6,22;0,79;Negativno;Ne
1124;8,1;-17,8;6,34;5,537200173753238;Pozitivno;Da
1125;6,8;-27,1;6,71;4,51;Negativno;Ne
1126;1,9;-47,5;6,91;1,43;Negativno;Ne
1127;5,4;-52,8;7,45;3,07;Negativno;Ne
1128;10,5;-81,4;6,7;1,08;Negativno;Ne
1129;9,4;-57,8;7,42;3,94;Negativno;Ne
1130;0,4;-62,2;7,79;4,21;Negativno;Ne
1131;2,3;-40,4;7,26;3,98;Pozitivno;Ne
1132;5,9;-42,3;6,44;5,79;Negativno;Ne
1133;3,5;-34,4;7,06;4,27;Negativno;Ne
1134;14,7;-28,6;7,07;3,49;Pozitivno;Ne
1135;8,6;-32,2;7,11;1,63;Negativno;Ne
1136;9,3;-56,4;6,38;4,41;Negativno;Ne
1137;8,4;-62,1;6,8;1,79;Negativno;Ne
1138;3,5;-36,6;6,33;3,68;Negativno;Ne
1139;13,0;-50,3;7,51;2,69;Negativno;Da
1140;10,4;-66,2;6,09;4,46;Negativno;Ne
1141;12,3;-81,9;6,93;1,61;Negativno;Ne
1142;8,5;-47,4;7,49;2,47;Negativno;Ne
1143;5,0;-38,7;6,94;0,92;Negativno;Ne
1144;14,0;-66,3;7,48;2,73;Negativno;Ne
1145;2,3;-47,9;6,6;2,59;Negativno;Ne
1146;10,5;-44,4;7,31;2,59;Negativno;Ne
1147;1,4;-55,0;7,62;2,03;Pozitivno;Ne
1148;2,8;-40,3;6,78;3,29;Negativno;Ne
1149;8,1;-43,1;6,5;0,51;Pozitivno;Ne
1150;1,8;-6,4;6,98;4,225063091185164;Pozitivno;Da
1151;6,7;-82,3;7,43;0,37;Negativno;Ne
1152;11,2;-77,2;6,78;1,1;Negativno;Ne
1153;12,1;-45,1;7,6;0,31;Negativno;Ne
1154;2,6;-50,0;6,48;4,04;Negativno;Ne
1155;11,4;-67,5;7,12;5,04;Negativno;Ne
1156;1,7;-61,2;6,84;2,63;Negativno;Ne
1157;0,4;-46,6;6,01;0,74;Negativno;Ne
1158;14,6;-61,5;6,95;1,58;Negativno;Ne
1159;6,7;-68,6;6,17;4,89;Negativno;Ne
1160;11,3;-56,1;6,99;1,28;Negativno;Ne
1161;11,9;-16,2;7,63;8,657200173753237;Pozitivno;Da
1162;7,9;-67,5;7,81;2,36;Negativno;Ne
1163;14,9;-55,2;7,02;2,53;Negativno;Ne
1164;0,7;-54,4;6,43;2,91;Negativno;Ne
1165;2,9;-51,2;7,23;1,54;Negativno;Ne
1166;9,6;-58,1;7,93;1,87;Negativno;Ne
1167;1,5;-64,3;7,32;2,71;Negativno;Ne
1168;3,7;-38,2;6,69;4,61;Negativno;Ne
1169;9,8;-35,7;7,07;4,68;Negativno;Ne
1170;13,1;-52,6;5,94;4,66;Negativno;Ne
1171;4,9;-49,9;7,74;2,06;Negativno;Ne
1172;3,9;-44,6;5,95;5,39;Pozitivno;Ne
1173;10,1;-32,9;6,19;0,24;Negativno;Ne
1174;4,6;-34,2;6,87;1,7;Negativno;Ne
1175;7,3;-53,9;7,83;4,59;Negativno;Ne
1176;14,6;-32,3;6,63;3,11;Negativno;Ne
1177;10,4;-59,6;7,1;3,4;Pozitivno;Ne
1178;0,1;-40,9;6,8;2,08;Negativno;Ne
1179;3,3;-47,5;7,55;1,46;Negativno;Ne
1180;12,2;-26,7;7,68;2,03;Negativno;Ne
1181;2,6;-44,5;6,67;0,73;Negativno;Ne
1182;6,2;-53,5;7,35;0,36;Negativno;Ne
1183;2,7;-46,6;6,87;0,7;Negativno;Ne
1184;13,1;-26,0;7,19;1,34;Negativno;Ne
1185;13,3;-68,8;6,92;5,9;Negativno;Ne
1186;3,0;-61,9;6,61;3,75;Negativno;Ne
1187;11,5;-42,8;7,34;2,22;Negativno;Ne
1188;0,9;-52,0;7,98;4,81;Negativno;Ne
1189;13,0;-75,5;6,57;4,86;Negativno;Ne
1190;0,9;-44,1;6,63;3,82;Negativno;Ne
1191;9,1;-41,8;7,35;5,34;Negativno;Ne
1192;8,7;-62,6;6,81;2,97;Negativno;Ne
1193;9,1;-46,2;6,62;2,58;Negativno;Ne
1194;12,1;-27,5;6,84;4,84;Pozitivno;Da
1195;0,6;-54,0;7,98;4,3;Negativno;Ne
1196;13,1;-56,7;6,4;2,26;Negativno;Ne
1197;5,7;-65,0;7,48;5,84;Negativno;Ne
1198;11,7;-66,6;7,13;4,93;Pozitivno;Ne
1199;10,4;-41,6;6,83;4,04;Negativno;Ne
1200;0,5;-55,3;7,36;5,77;Negativno;Ne
1201;14,2;-48,2;7,04;0,67;Negativno;Ne
1202;1,3;-47,2;7,74;3,89;Pozitivno;Ne
1203;3,3;-53,6;6,68;3,46;Negativno;Ne
1204;10,3;-44,7;6,28;1,12;Negativno;Ne
1205;11,1;-35,6;6,0;2,77;Pozitivno;Ne
1206;3,0;-66,7;7,13;2,41;Negativno;Ne
1207;12,1;-47,9;6,19;3,48;Negativno;Ne
1208;6,7;-46,0;7,33;1,21;Pozitivno;Ne
1209;5,4;-47,1;6,58;0,39;Negativno;Ne
1210;14,2;-71,1;7,25;5,84;Negativno;Ne
1211;12,9;-18,5;7,36;1,49;Negativno;Ne
1212;10,3;-61,8;7,55;3,83;Negativno;Ne
1213;5,3;-56,9;6,05;3,96;Negativno;Ne
1214;10,8;-50,3;6,5;1,12;Negativno;Ne
1215;7,1;-33,5;7,18;4,54;Negativno;Ne
1216;4,4;-50,1;6,6;2,74;Negativno;Ne
1217;11,5;-47,0;6,82;4,18;Negativno;Ne
1218;2,9;-20,9;6,71;1,35;Negativno;Ne
1219;1,2;-44,9;7,04;1,7;Negativno;Ne
1220;8,4;-76,3;7,91;1,05;Negativno;Ne
1221;12,3;-43,3;6,07;0,96;Negativno;Ne
1222;2,6;-34,7;7,69;3,98;Negativno;Ne
1223;9,2;-50,8;8,0;4,45;Negativno;Ne
1224;3,8;-25,0;6,71;2,8;Negativno;Ne
1225;2,1;-59,9;6,84;3,07;Negativno;Ne
1226;1,3;-41,3;7,11;5,93;Negativno;Ne
1227;0,9;-53,2;6,81;5,63;Negativno;Ne
1228;14,9;-50,1;5,8;2,59;Negativno;Da
1229;12,5;-51,4;6,64;4,51;Pozitivno;Ne
1230;2,1;-61,5;6,9;4,84;Negativno;Ne
1231;2,5;-56,3;6,49;4,02;Negativno;Ne
1232;10,1;-50,7;7,45;4,99;Negativno;Ne
1233;9,5;-52,2;6,73;0,76;Negativno;Ne
1234;1,9;-45,9;7,53;3,67;Negativno;Ne
1235;7,0;-59,2;7,48;4,49;Negativno;Ne
1236;11,1;-50,1;6,4;2,16;Negativno;Ne
1237;2,9;-33,0;6,25;3,02;Negativno;Da
1238;8,0;-59,9;7,25;2,61;Negativno;Da
1239;6,0;-33,3;6,89;2,64;Negativno;Ne
1240;1,8;-43,6;7,01;4,23;Negativno;Ne
1241;8,7;-68,2;6,95;5,1;Negativno;Ne
1242;3,1;-63,7;7,38;3,29;Negativno;Ne
1243;10,2;-16,6;6,62;1,02;Negativno;Ne
1244;14,3;-54,8;6,86;1,04;Negativno;Da
1245;14,4;-73,2;7,3;1,34;Negativno;Ne
1246;13,1;-39,2;6,82;2,73;Negativno;Ne
1247;14,6;-63,8;7,27;5,84;Negativno;Da
1248;13,3;-19,8;7,59;8,565063091185163;Pozitivno;Da
1249;13,6;-58,9;7,52;4,13;Negativno;Ne
1250;8,2;-59,6;6,7;1,18;Negativno;Ne
1251;0,7;-66,5;6,56;0,8;Pozitivno;Ne
1252;10,7;-44,8;6,96;3,83;Negativno;Ne
1253;6,6;-17,2;7,74;3,4;Negativno;Ne
1254;10,5;-48,1;7,29;1,27;Negativno;Ne
1255;7,6;-24,4;7,31;0,93;Negativno;Ne
1256;1,7;-71,0;7,09;0,73;Negativno;Ne
1257;7,2;-54,1;6,76;2,61;Negativno;Ne
1258;1,4;-42,8;6,51;0,88;Negativno;Ne
1259;8,4;-38,0;6,16;2,52;Negativno;Ne
1260;14,1;-30,9;8,42;5,99;Negativno;Ne
1261;5,7;-73,8;7,0;0,95;Negativno;Ne
1262;14,1;-53,7;7,21;1,98;Pozitivno;Ne
1263;5,4;-51,2;6,6;1,31;Negativno;Ne
1264;7,2;-39,4;7,37;5,19;Negativno;Ne
1265;3,0;150,0;-2,0;3,85;Pozitivno;Da
1266;5,3;-56,9;7,23;4,97;Negativno;Ne
1267;11,3;-44,7;6,24;0,12;Negativno;Ne
1268;6,2;-59,8;5,87;0,63;Negativno;Ne
1269;4,2;-50,8;6,09;3,09;Negativno;Ne
1270;12,1;-91,1;6,8;2,37;Negativno;Ne
1271;9,1;-48,2;6,92;0,77;Negativno;Ne
1272;9,5;-45,4;5,72;2,94;Negativno;Ne
1273;10,9;-42,1;6,14;0,12;Negativno;Ne
1274;2,0;-45,5;6,47;0,8;Negativno;Ne
1275;13,0;-34,2;6,87;1,5;Negativno;Ne
1276;0,7;-43,9;5,79;0,68;Negativno;Ne
1277;5,6;-68,5;7,15;2,52;Pozitivno;Ne
1278;3,7;-48,0;7,21;1,03;Negativno;Ne
1279;13,8;-46,7;6,83;0,13;Negativno;Ne
1280;6,8;-59,1;6,73;5,45;Negativno;Ne
1281;3,0;-54,0;6,98;5,86;Negativno;Ne
1282;3,7;-69,5;7,46;5,48;Negativno;Ne
1283;4,7;-32,8;7,75;1,03;Negativno;Ne
1284;2,8;-49,1;6,75;2,56;Negativno;Ne
1285;5,5;-53,7;6,1;3,39;Negativno;Ne
1286;11,5;-55,3;7,34;4,08;Negativno;Ne
1287;6,7;-52,8;6,47;5,83;Negativno;Ne
1288;4,3;-42,9;7,66;0,42;Negativno;Ne
1289;9,2;-59,4;6,29;2,54;Negativno;Ne
1290;14,6;-35,3;6,96;0,45;Negativno;Ne
1291;6,4;-41,5;6,72;1,21;Negativno;Ne
1292;4,2;-51,1;6,96;5,79;Negativno;Ne
1293;10,1;-44,3;6,6;1,37;Negativno;Ne
1294;3,0;-54,5;7,62;5,34;Negativno;Ne
1295;3,6;-52,5;7,82;2,21;Negativno;Ne
1296;7,7;-46,0;6,48;1,53;Pozitivno;Ne
1297;12,3;-80,8;6,51;0,6;Negativno;Ne
1298;12,2;-63,1;7,35;3,53;Negativno;Ne
1299;5,6;-67,0;7,2;3,4;Pozitivno;Ne
1300;8,1;-51,4;7,38;1,34;Negativno;Ne
1301;9,5;-62,4;7,21;5,74;Negativno;Ne
1302;10,8;-55,7;6,61;3,37;Negativno;Ne
1303;6,1;-70,0;7,22;3,8;Negativno;Ne
1304;8,7;-39,4;6,78;2,88;Negativno;Ne
1305;4,9;-47,6;6,08;3,92;Negativno;Ne
1306;7,1;-50,4;7,4;0,5;Negativno;Da
1307;12,5;-49,3;6,76;3,8;Negativno;Ne
1308;9,6;-53,9;7,34;2,91;Negativno;Ne
1309;10,2;-39,4;7,23;0,32;Negativno;Ne
1310;4,7;-49,3;7,06;4,71;Negativno;Ne
1311;2,5;-69,6;6,91;1,42;Pozitivno;Ne
1312;2,7;-86,2;6,62;1,92;Pozitivno;Ne
1313;14,2;-30,6;7,1;4,85;Negativno;Ne
1314;11,0;-55,7;6,92;2,29;Negativno;Ne
1315;1,7;-38,3;6,64;4,41;Negativno;Ne
1316;9,5;-59,7;7,9;5,79;Negativno;Ne
1317;12,7;-66,6;6,99;5,99;Pozitivno;Ne
1318;8,5;-64,5;7,01;2,71;Negativno;Ne
1319;10,4;-71,1;7,44;3,89;Negativno;Da
1320;5,6;150,0;-2,0;5,27;Pozitivno;Ne
1321;2,9;-33,5;7,06;2,4;Negativno;Ne
1322;7,3;-49,5;6,88;3,43;Negativno;Ne
1323;0,4;-42,0;7,29;0,25;Negativno;Ne
1324;3,1;-41,2;6,48;5,43;Negativno;Ne
1325;4,1;-45,2;6,77;4,5;Negativno;Ne
1326;13,3;-65,7;7,22;1,36;Negativno;Ne
1327;0,2;-42,2;6,76;3,3;Negativno;Ne
1328;5,0;-32,6;6,73;3,91;Negativno;Ne
1329;1,9;-28,5;6,42;4,77;Negativno;Ne
1330;10,4;-47,6;6,62;2,47;Negativno;Ne
1331;9,6;-57,3;7,79;1,29;Negativno;Ne
1332;8,0;-52,1;6,58;3,29;Negativno;Ne
1333;13,4;-27,1;6,09;1,65;Negativno;Ne
1334;8,5;-39,1;6,5;1,16;Negativno;Ne
1335;5,8;-87,5;7,57;1,51;Negativno;Ne
1336;11,9;-34,5;7,28;0,77;Pozitivno;Ne
1337;11,4;-36,5;6,63;3,92;Negativno;Da
1338;3,6;-70,8;7,79;4,85;Negativno;Ne
1339;4,2;-30,9;7,92;4,06;Negativno;Ne
1340;11,3;-46,9;6,8;2,37;Negativno;Ne
1341;9,6;-66,4;7,1;5,21;Negativno;Ne
1342;3,8;-64,3;6,6;2,24;Negativno;Ne
1343;4,2;-53,2;7,65;3,45;Negativno;Ne
1344;1,6;-38,0;7,39;5,18;Negativno;Ne
1345;10,1;-64,0;6,28;1,78;Negativno;Ne
1346;2,1;-54,1;6,82;3,96;Negativno;Ne
1347;14,7;-31,5;6,38;1,51;Negativno;Ne
1348;13,3;-73,9;6,96;4,62;Negativno;Ne
1349;11,2;-71,0;6,85;3,95;Negativno;Ne
1350;6,9;-80,8;6,05;0,9;Negativno;Ne
1351;6,2;-50,9;6,78;4,72;Negativno;Da
1352;15,0;-62,0;6,96;3,98;Negativno;Ne
1353;3,1;-31,8;7,45;4,3;Negativno;Ne
1354;8,4;-58,9;7,19;5,46;Negativno;Ne
1355;11,7;-66,3;7,65;3,28;Pozitivno;Ne
1356;5,5;-55,2;6,67;0,44;Negativno;Ne
1357;10,6;-41,2;7,53;0,2;Negativno;Ne
1358;14,4;-56,3;6,74;5,54;Negativno;Ne
1359;3,9;-47,4;7,52;0,11;Negativno;Ne
1360;3,7;-66,3;7,16;1,19;Negativno;Ne
1361;9,7;-78,5;6,64;5,88;Negativno;Ne
1362;9,1;-67,9;7,22;5,25;Pozitivno;Ne
1363;0,2;-50,3;7,41;5,18;Negativno;Ne
1364;3,2;-47,9;6,41;4,56;Negativno;Ne
1365;2,3;-61,5;7,62;4,88;Negativno;Ne
1366;7,1;-44,5;7,37;5,86;Negativno;Ne
1367;14,5;-48,7;6,78;2,25;Negativno;Ne
1368;11,8;-46,6;6,93;5,64;Negativno;Ne
1369;4,5;-41,0;7,73;4,87;Pozitivno;Ne
1370;8,6;-38,6;7,51;5,34;Negativno;Ne
1371;12,7;-28,4;6,97;2,8;Negativno;Ne
1372;8,4;-9,6;7,42;4,24;Negativno;Ne
1373;4,7;-65,4;7,64;0,39;Negativno;Ne
1374;14,6;-56,7;7,04;1,53;Negativno;Ne
1375;5,9;-44,8;6,02;2,54;Negativno;Ne
1376;7,7;-42,0;7,72;5,38;Negativno;Ne
1377;10,2;-59,6;6,78;4,65;Negativno;Ne
1378;11,9;-65,0;7,04;1,16;Negativno;Ne
1379;6,9;-56,4;7,28;5,87;Negativno;Ne
1380;7,3;-21,5;7,43;2,1;Negativno;Ne
1381;4,1;-68,9;6,99;2,18;Negativno;Ne
1382;3,0;-11,1;6,57;5,657200173753237;Pozitivno;Da
1383;4,2;-47,5;8,19;3,82;Negativno;Ne
1384;11,8;-40,0;7,39;4,58;Negativno;Ne
1385;12,9;-45,0;7,76;1,84;Negativno;Ne
1386;13,3;-26,2;7,11;1,62;Negativno;Ne
1387;5,9;-51,3;6,61;4,89;Negativno;Ne
1388;3,1;-60,1;7,03;1,05;Negativno;Ne
1389;13,4;-45,6;7,47;1,55;Negativno;Ne
1390;4,8;-32,1;6,59;0,68;Negativno;Ne
1391;11,1;-54,9;6,41;2,81;Negativno;Ne
1392;9,2;-68,9;7,09;0,67;Negativno;Ne
1393;0,7;-65,1;6,99;4,73;Negativno;Ne
1394;11,8;-69,1;7,52;3,1;Negativno;Ne
1395;5,4;-40,6;7,09;2,15;Negativno;Ne
1396;12,2;-51,6;6,53;4,7;Negativno;Ne
1397;1,9;-36,5;7,03;4,7;Negativno;Ne
1398;0,8;-20,4;8,0;1,22;Negativno;Ne
1399;3,3;-53,7;6,21;3,5;Negativno;Ne
1400;1,9;-61,4;6,73;4,77;Negativno;Ne
1401;1,8;-52,7;8,24;3,2;Negativno;Da
1402;3,0;-63,6;7,27;3,99;Negativno;Ne
1403;11,1;-56,3;5,98;0,66;Negativno;Ne
1404;2,0;-12,2;7,01;4,695063091185164;Pozitivno;Da
1405;8,4;-21,6;7,36;2,16;Negativno;Ne
1406;11,1;-60,4;6,79;3,34;Negativno;Ne
1407;5,2;-38,3;6,68;2,39;Negativno;Ne
1408;10,6;-47,1;7,35;4,37;Negativno;Ne
1409;1,2;-54,7;7,22;1,7;Negativno;Ne
1410;3,7;-65,0;7,65;5,87;Negativno;Ne
1411;2,2;-58,7;6,61;0,13;Negativno;Ne
1412;3,7;-29,7;7,43;1,96;Negativno;Da
1413;1,4;-62,0;6,55;1,07;Negativno;Ne
1414;0,5;-23,8;5,78;4,27;Negativno;Ne
1415;6,7;-74,2;6,35;2,79;Negativno;Ne
1416;5,1;-32,9;6,68;0,11;Negativno;Ne
1417;2,0;-46,6;7,36;5,71;Pozitivno;Ne
1418;12,4;-53,3;7,06;3,0;Negativno;Da
1419;3,2;-34,6;7,4;0,45;Negativno;Ne
1420;7,8;-66,8;6,42;1,56;Negativno;Ne
1421;5,8;-48,0;6,02;0,16;Negativno;Ne
1422;11,3;-28,7;6,87;1,89;Negativno;Ne
1423;12,0;-37,9;7,3;2,16;Negativno;Ne
1424;13,7;-54,7;7,74;3,39;Negativno;Ne
1425;1,3;-35,3;6,84;0,44;Negativno;Ne
1426;15,0;-41,5;7,13;0,96;Negativno;Da
1427;9,6;-46,4;7,55;3,73;Negativno;Ne
1428;12,6;-49,2;7,32;1,26;Negativno;Ne
1429;7,1;-45,7;7,24;2,76;Negativno;Ne
1430;10,6;-36,7;7,01;2,59;Negativno;Ne
1431;7,8;-75,5;7,16;0,13;Negativno;Ne
1432;9,9;-37,7;6,55;0,94;Negativno;Ne
1433;13,6;-42,9;6,45;3,48;Negativno;Ne
1434;7,9;-93,5;7,83;4,28;Negativno;Ne
1435;2,0;-37,0;8,02;4,5;Negativno;Ne
1436;6,2;-20,1;6,09;2,39;Negativno;Ne
1437;1,6;-57,8;7,6;5,54;Negativno;Ne
1438;5,9;-57,2;7,1;1,95;Pozitivno;Ne
1439;0,8;-40,0;6,73;2,93;Pozitivno;Ne
1440;8,2;-91,7;6,63;5,57;Negativno;Ne
1441;4,9;-62,1;6,29;5,64;Negativno;Ne
1442;13,6;-29,7;7,4;0,28;Negativno;Ne
1443;8,4;-33,8;6,71;5,27;Negativno;Ne
1444;2,5;-49,6;7,45;2,57;Negativno;Ne
1445;2,0;-24,3;7,01;0,94;Negativno;Ne
1446;10,6;-61,3;7,11;0,74;Negativno;Ne
1447;12,9;-27,1;8,05;5,21;Negativno;Da
1448;7,5;-74,8;8,04;1,26;Negativno;Ne
1449;8,1;-47,8;6,24;0,5;Negativno;Ne
1450;1,2;-29,2;7,13;2,67;Negativno;Ne
1451;8,0;-58,5;6,92;3,13;Negativno;Da
1452;14,0;-49,9;6,38;2,99;Negativno;Ne
1453;12,2;-67,9;7,5;4,02;Negativno;Da
1454;8,7;-41,8;7,06;4,51;Negativno;Ne
1455;14,4;-49,2;7,24;3,1;Negativno;Ne
1456;12,1;-56,3;6,9;1,13;Pozitivno;Ne
1457;4,5;-27,1;7,28;4,78;Negativno;Ne
1458;10,2;-57,5;7,28;5,68;Negativno;Ne
1459;12,1;-58,6;6,65;5,21;Negativno;Ne
1460;10,2;-62,6;7,17;5,77;Negativno;Ne
1461;4,4;-51,7;6,69;4,09;Negativno;Ne
1462;13,5;-37,7;7,65;5,55;Negativno;Ne
1463;14,0;-42,8;7,44;1,02;Negativno;Ne
1464;3,2;-17,9;6,81;5,82;Negativno;Ne
1465;14,3;-38,3;6,87;3,66;Negativno;Ne
1466;5,8;-52,1;6,8;2,07;Negativno;Ne
1467;13,3;-29,4;6,92;3,84;Negativno;Ne
1468;12,8;-60,9;6,32;1,79;Negativno;Ne
1469;6,8;-71,1;7,85;1,78;Negativno;Ne
1470;0,7;-42,4;8,14;5,53;Negativno;Ne
1471;7,3;-70,1;6,37;3,5;Negativno;Ne
1472;9,2;-39,6;7,62;4,92;Negativno;Ne
1473;0,5;-87,6;6,3;5,68;Negativno;Ne
1474;7,1;-47,8;7,37;3,29;Negativno;Ne
1475;13,1;-41,1;7,14;3,04;Negativno;Ne
1476;5,8;-49,1;8,09;5,66;Negativno;Ne
1477;11,7;-10,1;6,96;2,29;Negativno;Ne
1478;14,9;-46,2;7,31;1,85;Negativno;Ne
1479;13,1;-71,6;7,35;3,44;Negativno;Ne
1480;6,9;-35,8;6,25;4,87;Negativno;Ne
1481;5,3;-73,2;7,56;0,8;Negativno;Ne
1482;8,3;-71,4;6,59;3,36;Negativno;Ne
1483;6,3;-30,6;6,27;3,38;Negativno;Ne
1484;0,5;-77,6;6,4;0,79;Negativno;Ne
1485;6,0;-37,3;7,81;5,96;Negativno;Ne
1486;4,4;-37,9;7,44;0,51;Pozitivno;Ne
1487;12,0;-59,3;7,24;0,51;Negativno;Ne
1488;3,0;-42,7;7,66;2,77;Negativno;Ne
1489;4,3;-33,1;6,81;0,67;Pozitivno;Ne
1490;3,2;-61,5;6,36;5,79;Negativno;Ne
1491;3,1;-58,9;7,72;0,66;Negativno;Ne
1492;2,8;-51,7;7,29;3,27;Negativno;Da
1493;6,0;-42,8;7,4;3,63;Negativno;Ne
1494;3,4;-57,2;7,27;0,84;Negativno;Ne
1495;12,2;-10,0;7,44;5,5350630911851635;Pozitivno;Da
1496;4,7;-34,7;6,82;4,42;Negativno;Da
1497;8,4;-63,3;6,58;5,58;Pozitivno;Ne
1498;11,2;-50,4;6,47;5,31;Negativno;Ne
1499;14,6;-75,6;7,16;3,58;Pozitivno;Ne
1500;6,9;-15,9;6,88;5,0972001737532375;Pozitivno;Da
1501;8,7;-33,9;6,09;2,47;Negativno;Ne
1502;13,5;-52,0;6,76;1,77;Negativno;Ne
1503;10,2;-75,0;6,76;4,05;Negativno;Ne
1504;13,5;-73,9;7,32;1,23;Negativno;Ne
1505;1,9;-33,3;6,72;3,87;Negativno;Ne
1506;6,4;-26,3;6,23;1,04;Negativno;Ne
1507;9,5;-59,0;6,56;4,44;Negativno;Ne
1508;8,1;-81,3;6,36;4,98;Negativno;Ne
1509;1,5;-71,2;7,89;2,4;Negativno;Ne
1510;12,1;-62,6;7,52;4,6;Negativno;Ne
1511;7,6;-39,6;7,64;0,51;Negativno;Ne
1512;12,8;-58,6;6,64;4,64;Negativno;Ne
1513;9,0;-28,6;7,51;3,72;Negativno;Ne
1514;12,8;-71,7;6,9;3,44;Negativno;Ne
1515;5,5;-52,1;6,86;3,15;Negativno;Ne
1516;9,9;-46,7;7,56;0,58;Pozitivno;Ne
1517;1,0;-38,1;6,51;4,93;Negativno;Ne
1518;11,9;-26,4;7,4;2,11;Negativno;Ne
1519;13,5;-24,5;6,96;5,37;Negativno;Ne
1520;4,8;-46,2;6,55;3,99;Negativno;Ne
1521;5,9;-37,3;7,18;0,51;Negativno;Ne
1522;2,7;-23,8;7,07;3,89;Negativno;Ne
1523;0,7;-32,6;6,49;2,95;Negativno;Ne
1524;7,7;-47,9;7,29;4,66;Negativno;Ne
1525;11,0;-41,2;5,95;3,44;Negativno;Ne
1526;2,4;-72,2;7,96;4,86;Negativno;Ne
1527;8,2;-50,9;6,63;1,64;Negativno;Ne
1528;10,0;-67,3;6,91;2,57;Negativno;Ne
1529;9,7;-29,3;6,61;3,64;Negativno;Ne
1530;9,5;-47,5;7,66;5,84;Negativno;Ne
1531;1,4;-38,0;6,16;4,03;Negativno;Ne
1532;6,2;-44,7;6,36;1,0;Negativno;Ne
1533;13,1;-39,1;6,85;0,42;Negativno;Ne
1534;5,0;-30,8;7,52;1,23;Negativno;Ne
1535;1,4;-68,8;6,7;3,13;Negativno;Ne
1536;2,0;-39,4;6,7;4,89;Negativno;Ne
1537;10,2;-69,8;7,26;4,54;Negativno;Ne
1538;0,5;-52,4;7,28;2,5;Negativno;Ne
1539;8,8;-32,2;7,12;0,87;Negativno;Ne
1540;2,8;-43,9;7,09;0,61;Negativno;Ne
1541;9,7;-29,9;7,38;5,88;Negativno;Ne
1542;0,3;-48,5;7,65;2,79;Negativno;Da
1543;1,7;-37,2;7,46;2,26;Negativno;Ne
1544;12,4;-48,0;7,07;0,39;Negativno;Ne
1545;5,2;-37,7;6,98;2,4;Negativno;Ne
1546;4,6;-37,6;6,68;4,76;Negativno;Ne
1547;8,4;-79,0;6,37;4,44;Negativno;Ne
1548;14,4;-68,3;6,23;3,93;Negativno;Ne
1549;11,8;-47,8;7,87;0,51;Negativno;Ne
1550;3,5;-15,2;6,7;0,11;Negativno;Ne
1551;2,4;-43,7;6,75;3,2;Negativno;Ne
1552;8,6;-37,6;7,18;0,42;Negativno;Ne
1553;8,4;-63,0;7,69;2,4;Negativno;Ne
1554;4,4;-47,1;6,7;1,69;Negativno;Ne
1555;5,7;-47,4;7,29;1,17;Negativno;Ne
1556;14,4;-46,5;6,8;5,17;Negativno;Ne
1557;0,2;-45,3;7,06;5,5;Negativno;Ne
1558;6,6;-52,2;7,61;0,92;Negativno;Ne
1559;14,2;-30,1;7,37;0,65;Negativno;Ne
1560;12,4;-80,5;6,8;4,58;Negativno;Ne
1561;9,5;-54,9;7,36;5,76;Negativno;Ne
1562;2,7;-76,4;6,99;5,64;Negativno;Ne
1563;13,1;-44,0;7,05;1,94;Negativno;Ne
1564;9,2;-57,8;6,72;4,57;Negativno;Ne
1565;7,1;150,0;-2,0;4,75;Pozitivno;Ne
1566;2,6;-59,3;6,51;3,37;Negativno;Da
1567;10,9;-58,9;5,82;4,26;Negativno;Da
1568;5,3;-41,0;7,17;3,76;Negativno;Da
1569;7,3;-37,7;7,01;0,51;Negativno;Ne
1570;3,3;-39,2;5,72;2,06;Negativno;Ne
1571;1,6;-51,0;6,9;4,47;Negativno;Ne
1572;4,5;-40,7;7,4;5,2;Negativno;Ne
1573;4,5;-33,3;7,56;0,63;Negativno;Ne
1574;13,2;-43,8;6,78;4,9;Negativno;Ne
1575;5,5;-50,1;6,77;1,88;Negativno;Ne
1576;8,3;-54,5;6,77;3,41;Negativno;Ne
1577;0,2;-36,8;6,88;0,62;Negativno;Ne
1578;12,7;-42,9;6,8;1,83;Negativno;Ne
1579;9,8;-46,4;6,49;0,23;Negativno;Ne
1580;11,5;-38,1;6,99;2,49;Negativno;Ne
1581;6,5;-0,2;6,45;5,35;Negativno;Ne
1582;14,1;-37,8;7,88;3,32;Negativno;Ne
1583;0,8;-41,6;6,71;0,93;Negativno;Ne
1584;9,4;-47,1;6,95;1,34;Negativno;Ne
1585;8,2;-62,3;7,47;2,49;Negativno;Ne
1586;12,1;-60,7;7,1;0,31;Negativno;Ne
1587;4,6;-26,3;6,64;5,17;Pozitivno;Ne
1588;9,4;-51,0;7,52;2,93;Negativno;Ne
1589;13,0;-65,6;7,2;5,7;Negativno;Ne
1590;8,0;-65,8;7,07;0,61;Negativno;Ne
1591;8,8;-39,4;6,95;4,87;Negativno;Ne
1592;5,2;-62,2;6,42;4,32;Negativno;Ne
1593;0,7;-52,6;7,17;0,11;Negativno;Ne
1594;7,7;-45,6;6,95;5,16;Negativno;Ne
1595;10,8;-48,7;8,39;2,84;Pozitivno;Ne
1596;6,3;-29,2;6,03;1,89;Pozitivno;Ne
1597;4,8;-54,3;6,77;4,31;Negativno;Ne
1598;12,0;-32,2;6,79;0,95;Negativno;Ne
1599;1,2;-56,2;7,19;2,51;Negativno;Ne
1600;11,6;-70,1;5,97;2,33;Negativno;Ne
1601;2,9;-36,4;7,1;1,38;Negativno;Ne
1602;7,2;-34,3;7,28;2,07;Negativno;Ne
1603;15,0;-65,3;7,3;2,7;Negativno;Ne
1604;7,3;-43,0;7,17;5,18;Negativno;Ne
1605;5,6;-38,4;7,17;2,85;Pozitivno;Ne
1606;9,7;-46,3;7,18;0,44;Negativno;Ne
1607;2,1;-19,6;7,13;4,49;Negativno;Ne
1608;13,0;-47,8;6,75;5,47;Negativno;Ne
1609;7,0;-62,4;7,1;0,98;Negativno;Ne
1610;8,8;-35,0;5,98;5,35;Negativno;Ne
1611;13,0;-47,3;6,57;0,93;Negativno;Ne
1612;12,1;-43,5;8,03;5,61;Negativno;Ne
1613;5,1;-49,3;7,45;4,22;Negativno;Ne
1614;0,9;-46,3;7,06;1,53;Negativno;Ne
1615;10,7;-54,1;7,08;5,9;Negativno;Ne
1616;5,4;-74,3;7,05;1,17;Negativno;Ne
1617;7,7;-59,2;7,0;0,29;Negativno;Da
1618;6,2;-80,7;6,3;1,68;Negativno;Ne
1619;1,3;-29,4;6,65;2,27;Negativno;Ne
1620;7,1;-49,0;7,12;1,94;Negativno;Ne
1621;1,9;-30,5;6,66;3,67;Negativno;Ne
1622;7,5;-27,1;7,55;4,56;Negativno;Ne
1623;3,6;-25,1;7,5;2,14;Negativno;Ne
1624;3,3;-64,8;7,34;3,29;Negativno;Ne
1625;6,5;-19,5;7,21;4,89;Negativno;Ne
1626;12,8;-42,9;6,3;4,46;Negativno;Ne
1627;8,5;-35,2;7,61;0,56;Negativno;Ne
1628;8,3;-66,7;7,43;2,04;Negativno;Ne
1629;1,5;-62,2;6,71;4,74;Negativno;Ne
1630;11,3;-51,7;6,75;1,19;Negativno;Ne
1631;8,8;-35,0;7,1;1,1;Pozitivno;Ne
1632;13,9;-37,0;6,32;1,59;Negativno;Ne
1633;10,4;-33,5;6,48;3,84;Negativno;Ne
1634;5,7;-41,4;6,32;2,28;Negativno;Ne
1635;10,8;-82,0;5,89;5,04;Negativno;Ne
1636;9,4;-13,7;6,89;8,087200173753237;Pozitivno;Da
1637;11,6;-58,2;7,61;2,27;Negativno;Ne
1638;2,9;-41,8;6,64;4,43;Negativno;Ne
1639;0,9;-78,9;7,91;2,55;Negativno;Ne
1640;3,3;-52,2;6,97;4,95;Negativno;Ne
1641;4,9;-44,1;7,35;1,73;Negativno;Ne
1642;14,2;-53,3;6,9;0,76;Negativno;Ne
1643;3,1;-51,1;7,41;1,94;Negativno;Ne
1644;0,6;-51,4;6,8;4,49;Negativno;Ne
1645;10,9;-56,7;6,93;3,51;Negativno;Ne
1646;4,8;-74,6;6,52;3,4;Negativno;Ne
1647;5,5;-45,1;7,64;2,86;Negativno;Ne
1648;13,2;-53,9;6,85;4,12;Negativno;Ne
1649;10,8;-60,4;7,39;2,52;Negativno;Ne
1650;11,0;-42,5;7,25;1,53;Negativno;Ne
1651;7,7;-60,5;7,21;1,24;Pozitivno;Ne
1652;7,2;-48,5;6,41;4,74;Negativno;Ne
1653;8,4;-60,8;6,23;5,05;Negativno;Ne
1654;7,3;-52,1;7,02;5,63;Pozitivno;Ne
1655;7,8;-41,8;6,08;0,29;Negativno;Ne
1656;2,5;-46,9;6,87;0,82;Negativno;Ne
1657;10,6;150,0;-2,0;1,05;Pozitivno;Ne
1658;10,9;-56,8;6,94;3,19;Negativno;Ne
1659;0,5;-42,6;6,62;4,46;Negativno;Ne
1660;14,2;-48,9;6,92;4,58;Negativno;Da
1661;14,1;-46,7;7,18;2,74;Negativno;Ne
1662;9,8;-65,6;7,38;0,12;Negativno;Ne
1663;4,0;-53,1;6,53;1,11;Negativno;Ne
1664;1,6;-15,1;7,71;0,52;Negativno;Ne
1665;8,4;-47,3;7,33;0,22;Negativno;Ne
1666;10,6;-43,6;7,42;3,6;Negativno;Ne
1667;9,8;-28,9;6,33;4,01;Negativno;Da
1668;2,1;-69,5;7,87;4,43;Negativno;Ne
1669;8,3;-43,6;7,61;3,72;Negativno;Ne
1670;8,0;-61,5;7,31;0,86;Negativno;Ne
1671;3,4;-25,3;7,51;0,2;Negativno;Ne
1672;5,4;-22,8;7,1;4,87;Negativno;Ne
1673;14,9;-70,4;6,64;3,96;Negativno;Ne
1674;12,8;-57,7;6,43;1,21;Negativno;Ne
1675;5,0;-47,0;6,77;0,64;Negativno;Ne
1676;13,5;-40,9;6,85;1,92;Negativno;Da
1677;3,9;-45,2;6,59;1,84;Negativno;Ne
1678;14,8;-49,4;7,56;2,08;Negativno;Da
1679;10,3;-60,9;7,37;2,61;Negativno;Ne
1680;8,5;-41,9;6,65;2,99;Negativno;Ne
1681;0,5;-59,6;7,56;0,58;Negativno;Ne
1682;14,4;-43,2;6,91;1,21;Pozitivno;Da
1683;8,5;-52,9;7,07;1,17;Negativno;Ne
1684;4,1;-105,5;6,91;3,9;Pozitivno;Ne
1685;11,6;-34,6;7,72;0,96;Negativno;Ne
1686;7,5;-41,7;7,63;2,98;Negativno;Ne
1687;0,1;-57,4;7,14;2,72;Negativno;Ne
1688;6,9;-50,9;6,83;3,72;Negativno;Ne
1689;7,0;-43,2;6,89;5,79;Negativno;Ne
1690;0,6;-74,9;6,97;1,64;Pozitivno;Ne
1691;12,3;-41,7;7,34;3,61;Negativno;Ne
1692;7,4;-25,7;6,48;4,08;Negativno;Ne
1693;6,9;-66,6;7,24;1,49;Negativno;Ne
1694;4,9;-41,2;7,47;5,96;Negativno;Ne
1695;9,8;-26,4;6,76;0,23;Negativno;Ne
1696;4,1;-45,9;7,51;4,29;Negativno;Ne
1697;5,1;-51,8;6,36;3,06;Pozitivno;Ne
1698;6,0;-35,7;7,46;1,28;Pozitivno;Ne
1699;7,8;-60,6;6,34;4,09;Negativno;Ne
1700;5,1;-29,8;7,96;3,39;Negativno;Ne
1701;0,5;-67,5;6,93;4,13;Negativno;Ne
1702;7,1;-53,1;7,72;0,19;Negativno;Ne
1703;8,3;-29,1;7,51;1,99;Negativno;Ne
1704;6,5;-47,3;6,15;2,86;Negativno;Ne
1705;8,3;-48,8;7,04;1,43;Negativno;Ne
1706;5,4;-62,7;6,26;0,69;Pozitivno;Ne
1707;0,5;-40,6;6,8;1,32;Negativno;Ne
1708;7,6;-40,8;6,75;4,44;Negativno;Ne
1709;3,0;-63,2;7,09;0,93;Negativno;Ne
1710;1,8;-26,0;6,79;2,42;Pozitivno;Ne
1711;13,3;-29,6;6,85;1,77;Pozitivno;Ne
1712;6,1;-32,6;7,12;5,75;Negativno;Ne
1713;1,5;-55,2;5,98;0,15;Negativno;Ne
1714;1,6;-63,5;6,66;3,89;Negativno;Ne
1715;4,4;-30,3;6,41;4,21;Negativno;Ne
1716;9,9;-51,9;7,39;3,45;Negativno;Da
1717;14,0;-58,7;7,44;1,05;Negativno;Ne
1718;2,0;-53,2;7,53;0,66;Negativno;Ne
1719;4,6;-56,7;7,41;3,04;Negativno;Ne
1720;15,0;-25,6;7,17;5,38;Negativno;Ne
1721;3,1;-85,0;7,24;0,26;Negativno;Ne
1722;12,9;-46,2;6,71;1,47;Negativno;Ne
1723;7,4;-52,8;6,34;5,71;Negativno;Ne
1724;9,6;-46,9;6,73;4,0;Negativno;Da
1725;9,3;-11,5;6,02;3,75;Negativno;Ne
1726;1,4;-59,8;6,4;2,46;Negativno;Ne
1727;12,1;-34,2;7,43;2,98;Negativno;Ne
1728;8,0;-65,3;6,41;3,39;Negativno;Ne
1729;2,6;-47,4;6,32;2,05;Negativno;Ne
1730;2,9;-33,6;6,79;4,0;Negativno;Ne
1731;1,7;-33,8;7,05;1,42;Negativno;Ne
1732;5,3;-44,0;6,46;0,2;Negativno;Ne
1733;13,1;-4,9;7,15;4,06;Negativno;Ne
1734;9,6;-49,4;7,5;4,26;Negativno;Ne
1735;15,0;-39,8;7,45;0,83;Negativno;Ne
1736;14,7;-63,8;7,26;0,32;Negativno;Ne
1737;2,2;-41,8;6,61;2,42;Negativno;Ne
1738;5,9;-65,1;7,24;5,29;Negativno;Ne
1739;11,5;-43,7;6,5;5,74;Negativno;Ne
1740;8,5;-49,0;6,46;2,06;Negativno;Ne
1741;5,5;-49,6;6,88;3,89;Negativno;Ne
1742;3,1;-46,3;7,38;4,92;Negativno;Ne
1743;2,4;-63,9;6,92;4,23;Negativno;Ne
1744;5,9;-37,6;7,03;1,39;Negativno;Ne
1745;0,4;-55,9;6,4;5,46;Negativno;Ne
1746;5,1;-78,2;6,78;3,17;Negativno;Ne
1747;2,1;-39,9;7,73;3,24;Negativno;Ne
1748;12,2;-64,4;6,08;3,67;Negativno;Ne
1749;13,3;-52,5;6,93;1,75;Negativno;Ne
1750;9,9;-50,0;7,81;1,51;Pozitivno;Ne
1751;12,9;-64,5;6,54;0,82;Negativno;Ne
1752;6,0;-6,9;7,15;7,805063091185164;Pozitivno;Da
1753;11,1;-68,8;7,32;3,88;Negativno;Da
1754;11,2;-51,2;6,61;1,97;Negativno;Ne
1755;0,5;-40,4;7,16;4,54;Negativno;Ne
1756;6,8;-41,6;7,58;1,17;Negativno;Ne
1757;4,3;-46,6;7,34;4,16;Negativno;Ne
1758;10,5;-61,0;7,19;2,64;Negativno;Ne
1759;14,9;-58,5;7,11;0,8;Negativno;Ne
1760;10,6;-64,5;6,19;5,73;Negativno;Da
1761;6,0;-56,9;7,1;1,4;Negativno;Ne
1762;14,3;-33,2;6,89;0,8;Negativno;Ne
1763;6,9;-38,3;7,87;0,66;Negativno;Ne
1764;8,4;-52,0;8,01;2,99;Negativno;Ne
1765;13,4;-55,8;7,57;0,44;Negativno;Da
1766;10,7;-32,4;6,76;1,61;Negativno;Ne
1767;3,9;-38,6;6,6;0,23;Negativno;Ne
1768;7,9;-52,4;6,72;3,81;Negativno;Ne
1769;2,3;-72,9;6,96;2,43;Negativno;Ne
1770;6,4;-43,8;6,05;2,34;Negativno;Ne
1771;7,8;-61,7;7,67;4,28;Negativno;Ne
1772;11,7;-48,6;7,09;3,23;Negativno;Ne
1773;9,9;-15,7;7,6;6,175063091185164;Pozitivno;Da
1774;3,3;-58,1;6,37;5,56;Negativno;Ne
1775;14,8;-67,9;6,79;2,52;Negativno;Ne
1776;13,8;-57,0;7,11;5,73;Negativno;Ne
1777;1,6;-48,8;6,36;4,43;Negativno;Ne
1778;5,7;-54,0;6,65;3,36;Negativno;Ne
1779;5,6;-60,9;6,93;2,54;Negativno;Ne
1780;7,4;-13,1;7,2;9,487200173753237;Pozitivno;Da
1781;11,0;-70,8;7,27;4,79;Negativno;Ne
1782;13,8;-28,7;7,71;3,16;Negativno;Ne
1783;9,9;-43,1;7,22;5,47;Negativno;Ne
1784;13,3;-53,5;7,37;5,77;Negativno;Da
1785;1,6;-37,0;6,12;0,52;Negativno;Ne
1786;0,4;-52,7;6,76;1,38;Negativno;Ne
1787;12,9;-22,1;7,82;3,58;Pozitivno;Ne
1788;3,3;-47,8;6,95;0,21;Pozitivno;Ne
1789;9,3;-40,8;7,13;1,69;Negativno;Ne
1790;9,9;-56,3;6,78;3,2;Negativno;Ne
1791;12,8;-27,7;6,87;2,6;Negativno;Ne
1792;0,5;-45,1;6,19;5,3;Negativno;Da
1793;8,6;-0,2;7,25;5,56;Negativno;Ne
1794;13,6;-34,3;7,12;1,58;Pozitivno;Ne
1795;8,7;-57,1;7,93;4,45;Negativno;Ne
1796;9,0;-46,8;7,7;0,16;Negativno;Ne
1797;13,5;-58,7;6,36;3,46;Negativno;Ne
1798;13,0;-76,8;7,17;5,02;Negativno;Ne
1799;4,2;-52,2;7,54;4,59;Negativno;Ne
1800;1,9;-39,6;6,14;3,29;Negativno;Ne
1801;0,9;-59,9;6,58;5,19;Negativno;Ne
1802;0,7;-57,4;7,05;5,2;Negativno;Da
1803;0,2;-58,8;6,84;5,69;Negativno;Ne
1804;5,7;-85,1;7,34;0,28;Negativno;Ne
1805;13,8;-44,1;7,78;2,99;Negativno;Ne
1806;2,7;-37,8;6,39;0,52;Negativno;Ne
1807;11,5;-36,9;6,98;2,92;Negativno;Ne
1808;6,4;-48,9;7,7;2,44;Negativno;Ne
1809;5,0;-51,9;8,34;3,91;Negativno;Ne
1810;10,1;-44,0;7,67;1,35;Negativno;Ne
1811;12,2;-35,9;7,14;3,08;Negativno;Da
1812;4,3;-34,4;8,12;2,62;Negativno;Ne
1813;7,0;-44,3;6,83;4,23;Negativno;Ne
1814;12,0;-40,4;7,41;4,43;Pozitivno;Ne
1815;11,6;-52,0;6,9;3,4;Negativno;Ne
1816;3,0;-71,1;7,26;3,61;Negativno;Ne
1817;14,4;-50,8;7,86;5,47;Negativno;Ne
1818;11,0;-40,7;6,26;4,97;Negativno;Ne
1819;13,6;-54,8;6,96;3,75;Negativno;Ne
1820;10,5;-36,9;7,4;5,58;Negativno;Da
1821;3,9;-55,0;7,42;3,75;Negativno;Ne
1822;4,5;-63,7;6,66;1,87;Negativno;Ne
1823;7,0;-38,7;7,2;1,42;Negativno;Da
1824;8,4;-29,6;6,37;1,12;Negativno;Ne
1825;7,8;-38,4;6,67;1,95;Negativno;Ne
1826;14,6;-71,3;7,43;0,19;Negativno;Ne
1827;5,6;-45,1;7,24;1,02;Negativno;Ne
1828;8,6;-57,7;7,35;5,02;Negativno;Ne
1829;8,7;-56,7;7,83;1,09;Negativno;Ne
1830;2,5;-54,6;7,15;5,48;Negativno;Ne
1831;8,3;-58,5;6,86;1,91;Negativno;Ne
1832;8,5;-50,8;7,63;1,22;Negativno;Ne
1833;1,7;-53,6;6,58;4,59;Negativno;Ne
1834;6,5;-70,4;6,98;3,12;Negativno;Ne
1835;9,3;-62,8;6,22;5,17;Negativno;Ne
1836;12,1;-53,2;6,54;3,92;Negativno;Ne
1837;5,9;-65,1;6,42;5,32;Negativno;Ne
1838;10,4;-87,3;7,25;3,68;Negativno;Ne
1839;11,3;-59,4;7,25;4,79;Negativno;Ne
1840;7,4;-68,8;6,9;5,56;Negativno;Ne
1841;6,4;-50,9;6,83;2,62;Negativno;Ne
1842;1,7;-48,0;7,87;2,1;Negativno;Da
1843;2,0;-53,4;7,13;3,92;Negativno;Ne
1844;9,1;-43,4;6,84;2,03;Negativno;Ne
1845;1,8;-26,0;7,53;4,42;Negativno;Ne
1846;4,0;-50,2;6,93;3,07;Negativno;Ne
1847;5,9;-60,5;6,83;0,65;Negativno;Ne
1848;6,7;-70,8;7,22;3,13;Negativno;Ne
1849;1,6;-64,7;6,32;0,61;Negativno;Ne
1850;7,2;-33,0;7,15;0,33;Negativno;Ne
1851;12,0;-62,8;6,74;5,08;Pozitivno;Ne
1852;1,6;-80,9;7,55;2,18;Negativno;Ne
1853;0,7;-73,4;6,46;2,31;Negativno;Ne
1854;10,9;-57,4;6,57;1,69;Negativno;Ne
1855;10,8;-75,0;7,08;0,79;Negativno;Ne
1856;10,4;-51,0;6,7;4,31;Negativno;Ne
1857;1,9;-41,4;7,13;3,95;Negativno;Ne
1858;7,0;-38,6;7,51;2,38;Pozitivno;Ne
1859;1,2;-66,7;7,05;5,06;Negativno;Ne
1860;9,3;-67,3;7,46;3,01;Pozitivno;Ne
1861;6,1;-48,2;7,03;0,74;Negativno;Ne
1862;1,4;-42,4;6,24;0,44;Negativno;Ne
1863;3,1;-76,8;6,77;3,37;Negativno;Ne
1864;11,4;-38,5;6,49;2,6;Pozitivno;Ne
1865;7,8;-64,9;6,6;3,95;Negativno;Ne
1866;1,8;-62,2;7,34;3,64;Negativno;Ne
1867;1,7;-41,6;6,52;2,18;Negativno;Ne
1868;12,1;-67,2;6,49;1,77;Pozitivno;Ne
1869;10,2;-45,8;6,8;3,26;Negativno;Ne
1870;6,1;-62,5;6,12;2,27;Negativno;Da
1871;13,9;-41,1;7,08;0,65;Negativno;Ne
1872;6,0;-54,6;7,08;3,92;Negativno;Ne
1873;10,1;-50,6;7,01;2,86;Negativno;Ne
1874;6,6;-58,7;6,81;1,76;Negativno;Ne
1875;3,7;-55,0;7,54;1,61;Negativno;Ne
1876;10,2;-26,7;7,27;2,47;Negativno;Ne
1877;7,6;-29,3;6,64;2,53;Negativno;Da
1878;14,3;-64,9;6,63;1,65;Negativno;Ne
1879;11,9;-47,0;7,27;2,01;Negativno;Ne
1880;12,5;-36,2;7,35;5,34;Negativno;Ne
1881;7,4;-36,8;6,29;2,37;Negativno;Ne
1882;14,6;-81,4;7,01;0,22;Negativno;Ne
1883;3,2;-65,7;7,5;1,89;Negativno;Ne
1884;6,4;-60,9;6,41;1,76;Negativno;Ne
1885;3,7;-71,7;5,65;5,61;Negativno;Ne
1886;12,4;-60,8;7,49;0,13;Negativno;Ne
1887;7,5;-37,3;6,93;2,32;Negativno;Ne
1888;11,4;-66,6;6,64;3,05;Negativno;Ne
1889;12,0;-9,5;6,63;2,94;Negativno;Ne
1890;11,3;-55,1;6,8;4,48;Negativno;Ne
1891;5,5;-62,4;6,91;4,47;Negativno;Ne
1892;3,6;-38,4;7,23;4,15;Negativno;Ne
1893;14,2;-52,7;7,56;5,3;Negativno;Ne
1894;5,2;-60,2;6,82;3,56;Negativno;Ne
1895;8,4;-57,5;7,84;1,15;Negativno;Ne
1896;5,8;-14,5;7,77;1,12;Negativno;Ne
1897;12,0;-27,7;8,14;2,8;Negativno;Ne
1898;6,3;-49,1;6,99;4,21;Negativno;Ne
1899;6,7;-39,2;7,22;4,28;Negativno;Ne
1900;2,6;-33,3;6,2;5,14;Negativno;Ne
1901;0,8;-39,3;7,32;2,62;Negativno;Ne
1902;1,6;-62,0;7,02;2,9;Negativno;Ne
1903;10,6;-46,7;6,73;5,92;Negativno;Ne
1904;3,0;-61,8;7,25;1,73;Negativno;Ne
1905;3,8;-70,4;7,42;5,82;Negativno;Ne
1906;5,5;-51,2;6,7;2,28;Negativno;Ne
1907;9,3;-24,5;7,07;2,13;Negativno;Ne
1908;13,5;-33,0;5,74;4,93;Negativno;Ne
1909;0,4;-28,5;8,03;1,43;Negativno;Ne
1910;11,2;-48,8;7,14;0,78;Negativno;Ne
1911;0,7;-39,9;6,96;5,88;Pozitivno;Ne
1912;4,0;-34,5;7,3;3,3;Negativno;Ne
1913;1,7;-59,2;6,74;1,89;Negativno;Ne
1914;0,7;-55,5;7,6;3,09;Negativno;Ne
1915;1,4;-78,6;7,19;1,05;Negativno;Ne
1916;10,8;-35,2;7,17;3,75;Negativno;Ne
1917;3,2;-43,2;7,09;3,93;Negativno;Da
1918;13,3;-47,5;6,59;5,16;Negativno;Ne
1919;10,4;-54,4;7,78;2,45;Negativno;Ne
1920;9,7;-55,8;7,4;4,39;Pozitivno;Ne
1921;10,8;-42,7;7,31;1,61;Negativno;Da
1922;3,2;-47,7;5,79;1,13;Negativno;Ne
1923;9,7;-54,3;6,92;0,66;Negativno;Ne
1924;1,5;-48,4;7,55;1,86;Negativno;Ne
1925;12,4;-14,9;7,45;0,84;Negativno;Ne
1926;11,7;-52,8;6,24;2,89;Negativno;Ne
1927;5,3;-60,2;7,6;5,08;Pozitivno;Ne
1928;10,3;-60,8;7,52;3,33;Negativno;Ne
1929;0,1;-42,6;6,42;3,37;Negativno;Ne
1930;4,2;-49,9;6,34;1,69;Negativno;Ne
1931;5,5;-53,5;7,15;4,46;Negativno;Ne
1932;8,0;-66,0;6,81;1,54;Negativno;Ne
1933;5,2;-63,6;6,44;5,76;Negativno;Ne
1934;4,4;-68,3;6,83;1,17;Negativno;Ne
1935;14,2;-51,9;6,78;4,53;Negativno;Ne
1936;4,4;-53,0;6,17;2,96;Negativno;Ne
1937;13,3;-35,0;7,72;2,23;Negativno;Ne
1938;2,0;-6,6;6,0;8,367200173753238;Pozitivno;Da
1939;14,2;-69,7;7,14;1,61;Negativno;Ne
1940;13,4;-31,8;6,83;4,99;Negativno;Ne
1941;5,3;-33,5;6,57;0,81;Negativno;Ne
1942;1,8;-53,8;7,77;0,8;Negativno;Ne
1943;13,0;-31,7;7,55;2,99;Negativno;Ne
1944;12,7;-45,7;6,46;4,21;Negativno;Ne
1945;8,1;-72,0;7,46;5,66;Negativno;Ne
1946;1,8;-90,7;6,81;3,71;Negativno;Ne
1947;7,8;-65,7;7,28;5,59;Negativno;Ne
1948;3,7;-49,3;6,58;3,61;Negativno;Ne
1949;5,2;-68,1;6,28;2,59;Negativno;Ne
1950;11,1;-61,4;6,59;0,77;Negativno;Ne
1951;6,2;-58,3;6,48;4,36;Negativno;Ne
1952;6,4;-45,0;7,26;4,77;Negativno;Ne
1953;7,4;-34,7;7,43;3,84;Negativno;Ne
1954;14,1;-64,8;6,01;5,28;Negativno;Ne
1955;4,8;-38,4;6,81;5,36;Negativno;Ne
1956;4,8;-62,9;7,32;4,79;Negativno;Ne
1957;1,2;-72,5;6,86;3,97;Negativno;Ne
1958;13,3;-46,9;7,04;1,4;Negativno;Ne
1959;4,6;-8,4;7,66;1,14;Negativno;Ne
1960;9,2;-36,5;6,74;5,73;Negativno;Ne
1961;6,1;-34,7;7,5;1,26;Negativno;Ne
1962;14,7;-48,6;7,4;2,16;Negativno;Ne
1963;13,3;-41,0;7,04;4,76;Negativno;Ne
1964;10,1;-45,6;7,39;2,97;Negativno;Ne
1965;7,2;-41,7;5,67;4,06;Negativno;Ne
1966;11,4;-65,7;6,2;3,76;Negativno;Ne
1967;12,6;-41,0;6,78;4,32;Negativno;Ne
1968;6,4;-34,9;7,24;1,33;Negativno;Ne
1969;12,0;-43,5;6,82;2,75;Negativno;Ne
1970;9,4;-54,3;7,32;0,98;Negativno;Ne
1971;6,3;-71,4;6,6;0,31;Pozitivno;Ne
1972;10,8;-48,6;7,41;3,9;Negativno;Ne
1973;6,1;-16,7;6,73;6,167200173753237;Pozitivno;Da
1974;14,4;-25,8;7,52;5,35;Negativno;Ne
1975;1,2;-30,3;6,95;5,96;Negativno;Da
1976;14,0;-64,8;6,55;2,82;Negativno;Ne
1977;7,0;-59,1;6,66;1,56;Negativno;Ne
1978;7,2;-72,9;7,66;1,74;Negativno;Ne
1979;9,3;-61,6;7,56;1,82;Negativno;Ne
1980;8,4;-35,7;7,36;0,21;Negativno;Ne
1981;5,6;-44,1;6,94;2,62;Negativno;Ne
1982;8,6;-45,4;6,92;4,88;Negativno;Ne
1983;10,1;-67,0;6,65;2,47;Negativno;Ne
1984;0,9;-74,4;6,7;5,55;Negativno;Ne
1985;10,2;-63,6;6,66;2,4;Negativno;Ne
1986;11,7;-71,0;6,84;1,67;Negativno;Ne
1987;7,8;-40,9;6,31;1,68;Negativno;Ne
1988;13,5;-43,2;7,33;4,58;Negativno;Ne
1989;2,3;-37,0;6,89;5,65;Negativno;Ne
1990;2,4;-51,4;7,43;1,37;Negativno;Da
1991;1,9;-28,1;7,02;2,52;Negativno;Ne
1992;5,4;-45,2;7,69;5,47;Negativno;Ne
1993;12,7;-70,3;6,87;3,06;Negativno;Ne
1994;5,9;-38,8;7,25;2,14;Negativno;Ne
1995;9,3;-34,9;6,22;3,28;Pozitivno;Ne
1996;1,4;-44,5;6,92;0,79;Negativno;Ne
1997;9,0;-56,9;6,37;3,27;Negativno;Ne
1998;10,4;-67,2;8,24;2,52;Negativno;Ne
1999;12,1;-33,6;6,54;2,13;Negativno;Ne
2000;3,7;-76,3;6,66;0,36;Negativno;Ne
